timestamp,location,pm25,pm10,co2,temperature
2026-02-10T18:47:11.567733,Chennai-AnnaNagar,35.55,58.78,342.78,26.18
2026-02-10T18:47:12.572053,Chennai-Velachery,25.14,83.45,325.81,28.53
2026-02-10T18:47:13.575679,Chennai-Adyar,49.6,54.91,401.89,25.22
2026-02-10T18:47:14.580041,Chennai-Velachery,18.98,44.36,342.54,26.13
2026-02-10T18:47:15.580665,Chennai-TNagar,41.11,26.22,319.17,28.21
2026-02-10T18:47:16.587563,Chennai-Adyar,19.39,44.56,370.41,29.66
2026-02-10T18:47:17.591837,Chennai-AnnaNagar,20.21,25.09,439.67,26.59
2026-02-10T18:47:18.595070,Chennai-AnnaNagar,12.77,40.17,436.47,29.68
2026-02-10T18:47:19.598334,Chennai-Velachery,25.05,67.32,317.04,28.8
2026-02-10T18:47:20.603594,Chennai-Velachery,32.1,69.39,313.13,25.75
2026-02-10T18:47:21.607267,Chennai-Adyar,17.95,57.63,353.51,32.98
2026-02-10T18:47:22.613561,Chennai-Velachery,18.84,66.64,315.66,31.49
2026-02-10T18:47:23.617867,Chennai-TNagar,39.93,40.67,349.2,27.25
2026-02-10T18:47:24.625280,Chennai-Velachery,43.32,98.65,420.01,27.75
2026-02-10T18:47:25.630759,Chennai-Adyar,187.9,197.13,398.78,30.13
2026-02-10T18:47:26.636233,Chennai-TNagar,172.43,196.15,331.04,27.25
2026-02-10T18:47:27.638503,Chennai-AnnaNagar,45.01,70.01,390.29,28.11
2026-02-10T18:47:28.641828,Chennai-AnnaNagar,10.8,59.13,302.61,34.68
2026-02-10T18:47:29.645684,Chennai-Adyar,58.67,41.0,330.6,26.98
2026-02-10T18:47:30.650533,Chennai-Velachery,46.57,43.45,444.58,32.44
2026-02-10T18:47:31.655069,Chennai-AnnaNagar,47.21,61.44,418.55,32.83
2026-02-10T18:47:32.665212,Chennai-AnnaNagar,51.62,40.71,389.75,31.75
2026-02-10T18:47:33.669083,Chennai-Velachery,42.42,95.7,439.9,33.45
2026-02-10T18:47:34.674796,Chennai-Adyar,27.59,23.73,393.69,33.15
2026-02-10T18:47:35.711861,Chennai-TNagar,49.77,21.9,379.94,33.2
2026-02-10T18:47:36.716050,Chennai-TNagar,12.86,53.07,318.46,27.11
2026-02-10T18:47:37.720945,Chennai-AnnaNagar,12.0,31.45,381.44,32.5
2026-02-10T18:47:38.727097,Chennai-Adyar,21.64,89.08,371.09,30.37
2026-02-10T18:47:39.731709,Chennai-Adyar,49.67,60.6,413.59,26.1
2026-02-10T18:47:40.738371,Chennai-TNagar,114.68,124.0,331.01,32.25
2026-02-10T18:47:41.742170,Chennai-Adyar,52.67,61.02,384.72,34.43
2026-02-10T18:47:42.744863,Chennai-AnnaNagar,26.64,55.44,420.53,29.8
2026-02-10T18:47:43.747729,Chennai-TNagar,32.22,91.79,313.87,27.04
2026-02-10T18:47:44.747640,Chennai-AnnaNagar,51.78,42.01,408.14,33.41
2026-02-10T18:47:45.752023,Chennai-TNagar,52.79,75.89,311.8,25.36
2026-02-10T18:47:46.757683,Chennai-TNagar,19.35,52.41,430.8,31.06
2026-02-10T18:47:47.762682,Chennai-AnnaNagar,26.65,47.87,424.95,26.92
2026-02-10T18:47:48.788032,Chennai-Adyar,52.9,20.27,326.09,30.7
2026-02-10T18:47:49.792919,Chennai-AnnaNagar,28.79,69.73,310.23,34.61
2026-02-10T18:47:50.796007,Chennai-TNagar,137.21,137.84,351.63,26.72
2026-02-10T18:47:51.800978,Chennai-TNagar,12.67,56.18,448.67,25.84
2026-02-10T18:47:52.807439,Chennai-Velachery,36.82,73.78,310.41,25.29
2026-02-10T18:47:53.812840,Chennai-TNagar,26.14,82.31,379.84,31.87
2026-02-10T18:47:54.818848,Chennai-Adyar,31.21,25.76,446.41,30.11
2026-02-10T18:47:55.831399,Chennai-Adyar,28.53,21.58,443.61,29.55
2026-02-10T18:47:56.835206,Chennai-TNagar,91.8,192.72,361.29,28.09
2026-02-10T18:47:57.865339,Chennai-TNagar,15.3,37.83,381.44,31.71
2026-02-10T18:47:58.871337,Chennai-TNagar,10.01,72.51,437.76,27.51
2026-02-10T18:47:59.877564,Chennai-AnnaNagar,57.49,75.1,300.26,32.73
2026-02-10T18:48:00.880747,Chennai-TNagar,20.77,42.36,406.76,29.37
2026-02-10T18:48:01.887502,Chennai-Velachery,114.89,173.78,449.84,32.06
2026-02-10T18:48:02.890351,Chennai-AnnaNagar,13.66,74.02,397.67,33.89
2026-02-10T18:48:03.893633,Chennai-AnnaNagar,12.67,52.0,364.66,29.31
2026-02-10T18:48:04.897796,Chennai-TNagar,19.56,80.47,429.51,31.08
2026-02-10T18:48:05.902004,Chennai-Adyar,58.37,65.21,406.38,31.34
2026-02-10T18:48:06.904812,Chennai-AnnaNagar,38.76,38.57,319.03,28.08
2026-02-10T18:48:07.911346,Chennai-Velachery,44.6,92.71,389.84,34.45
2026-02-10T18:48:08.913728,Chennai-TNagar,31.28,69.48,432.77,25.89
2026-02-10T18:48:09.920483,Chennai-TNagar,51.37,34.76,415.73,31.65
2026-02-10T18:48:10.930350,Chennai-Adyar,44.6,26.54,342.21,27.97
2026-02-10T18:48:11.935443,Chennai-Adyar,145.87,170.78,314.24,30.33
2026-02-10T18:48:12.941238,Chennai-Velachery,25.48,63.3,339.25,34.58
2026-02-10T18:48:13.945393,Chennai-AnnaNagar,26.73,94.95,447.88,26.64
2026-02-10T18:48:14.969132,Chennai-Velachery,34.36,34.91,325.69,33.37
2026-02-10T18:48:15.974093,Chennai-TNagar,31.78,79.44,330.26,34.51
2026-02-10T18:48:16.976972,Chennai-Velachery,31.92,20.15,412.85,25.79
2026-02-10T18:48:17.983962,Chennai-Adyar,14.77,50.85,331.49,26.94
2026-02-10T18:48:18.987309,Chennai-Velachery,21.23,50.15,403.84,31.28
2026-02-10T18:48:19.990654,Chennai-AnnaNagar,32.24,98.01,415.93,25.37
2026-02-10T18:48:20.995149,Chennai-AnnaNagar,51.25,32.62,400.15,32.91
2026-02-10T18:48:22.000802,Chennai-AnnaNagar,43.68,86.22,372.73,30.73
2026-02-10T18:48:23.004668,Chennai-Adyar,39.51,29.2,378.01,27.23
2026-02-10T18:48:24.018399,Chennai-Adyar,48.17,33.9,441.0,29.43
2026-02-10T18:48:25.029337,Chennai-TNagar,35.1,98.73,419.18,33.51
2026-02-10T18:48:26.033685,Chennai-Velachery,34.93,58.06,448.33,29.69
2026-02-10T18:48:27.040719,Chennai-Adyar,195.28,157.07,379.84,32.57
2026-02-10T18:48:28.075619,Chennai-TNagar,55.49,62.23,352.98,32.11
2026-02-10T18:48:29.105233,Chennai-TNagar,142.53,212.86,393.61,28.88
2026-02-10T18:48:30.108793,Chennai-TNagar,33.93,99.14,366.57,31.91
2026-02-10T18:48:31.114430,Chennai-Adyar,40.64,93.8,382.63,32.55
2026-02-10T18:48:32.119524,Chennai-TNagar,16.49,36.37,324.15,34.03
2026-02-10T18:48:33.123453,Chennai-AnnaNagar,114.85,136.14,341.27,30.12
2026-02-10T18:48:34.128939,Chennai-Velachery,46.96,68.43,340.16,28.13
2026-02-10T18:48:35.134413,Chennai-TNagar,140.73,132.09,433.14,25.71
2026-02-10T18:48:36.139015,Chennai-Velachery,52.16,73.27,411.48,31.33
2026-02-10T18:48:37.143257,Chennai-AnnaNagar,25.54,40.9,361.84,33.76
2026-02-10T18:48:38.148019,Chennai-Velachery,28.71,87.49,329.76,32.66
2026-02-10T18:48:39.235075,Chennai-TNagar,45.13,71.95,341.64,28.71
2026-02-10T18:48:40.313336,Chennai-Adyar,41.0,31.61,405.33,29.58
2026-02-10T18:48:41.318154,Chennai-Adyar,58.63,68.26,314.55,26.66
2026-02-10T18:48:42.324275,Chennai-Adyar,116.46,156.33,367.87,28.56
2026-02-10T18:48:43.328763,Chennai-Velachery,25.85,49.16,435.16,28.37
2026-02-10T18:48:44.332264,Chennai-Adyar,51.91,43.73,428.12,28.77
2026-02-10T18:48:45.331972,Chennai-Adyar,123.39,224.2,338.62,30.8
2026-02-10T18:48:46.354666,Chennai-TNagar,122.88,229.79,420.45,26.26
2026-02-10T18:48:47.360854,Chennai-AnnaNagar,26.99,22.33,401.09,26.09
2026-02-10T18:48:48.364930,Chennai-Adyar,27.87,42.69,422.58,31.44
2026-02-10T18:48:49.371334,Chennai-AnnaNagar,25.34,84.86,356.95,28.53
2026-02-10T18:48:50.376847,Chennai-Adyar,40.15,52.33,416.52,30.02
2026-02-10T18:48:51.382921,Chennai-TNagar,128.59,87.92,421.34,31.8
2026-02-10T18:48:52.387524,Chennai-AnnaNagar,55.08,74.7,383.42,32.92
2026-02-10T18:48:53.982086,Chennai-Velachery,128.66,219.31,407.76,25.35
2026-02-10T18:48:54.985365,Chennai-AnnaNagar,32.76,45.69,360.71,27.57
2026-02-10T18:48:55.990313,Chennai-AnnaNagar,56.14,88.08,339.41,28.88
2026-02-10T18:48:56.993908,Chennai-TNagar,20.27,80.93,426.15,26.89
2026-02-10T18:48:58.037737,Chennai-Velachery,177.29,142.0,440.49,33.66
2026-02-10T18:48:59.114254,Chennai-Adyar,29.59,57.56,362.29,34.99
2026-02-10T18:49:00.117365,Chennai-Velachery,57.77,54.98,302.37,33.34
2026-02-10T18:49:01.120318,Chennai-Velachery,41.02,62.27,425.19,25.6
2026-02-10T18:49:02.126384,Chennai-Velachery,28.41,87.41,445.86,30.05
2026-02-10T18:49:03.131227,Chennai-Velachery,26.45,98.08,377.47,34.45
2026-02-10T18:49:04.137011,Chennai-TNagar,50.13,68.15,447.27,34.66
2026-02-10T18:49:05.140855,Chennai-AnnaNagar,27.81,51.34,336.98,32.17
2026-02-10T18:49:06.143710,Chennai-TNagar,41.67,74.52,411.12,33.22
2026-02-10T18:49:07.148677,Chennai-TNagar,50.61,66.9,415.76,31.14
2026-02-10T18:49:08.153665,Chennai-TNagar,26.0,27.22,345.45,30.11
2026-02-10T18:49:09.159798,Chennai-Velachery,27.24,58.78,386.08,31.44
2026-02-10T18:49:10.164926,Chennai-Adyar,30.7,43.66,395.45,33.21
2026-02-10T18:49:11.169315,Chennai-AnnaNagar,39.81,21.01,309.6,34.09
2026-02-10T18:49:12.175059,Chennai-AnnaNagar,56.68,75.7,336.49,30.51
2026-02-10T18:49:13.180417,Chennai-Velachery,33.41,29.22,421.52,32.25
2026-02-10T18:49:14.187673,Chennai-AnnaNagar,10.71,23.2,331.79,25.17
2026-02-10T18:49:15.191453,Chennai-AnnaNagar,29.37,59.65,319.14,30.58
2026-02-10T18:49:16.195484,Chennai-Adyar,11.02,25.85,384.97,25.37
2026-02-10T18:49:17.200019,Chennai-AnnaNagar,27.08,72.39,407.06,33.31
2026-02-10T18:49:18.202318,Chennai-TNagar,37.91,69.4,305.4,31.02
2026-02-10T18:49:19.210769,Chennai-Adyar,55.74,57.26,405.93,25.1
2026-02-10T18:49:20.217134,Chennai-Adyar,34.6,40.19,382.56,26.61
2026-02-10T18:49:21.231882,Chennai-TNagar,39.05,25.03,351.06,34.07
2026-02-10T18:49:22.236487,Chennai-Velachery,34.86,34.55,319.7,30.43
2026-02-10T18:49:23.241079,Chennai-Adyar,19.2,54.19,441.51,32.75
2026-02-10T18:49:24.257875,Chennai-Velachery,27.47,58.69,425.57,27.71
2026-02-10T18:49:25.265283,Chennai-Adyar,132.16,132.12,349.42,34.71
2026-02-10T18:49:26.277380,Chennai-TNagar,51.87,46.44,319.99,34.74
2026-02-10T18:49:27.292588,Chennai-Velachery,58.89,38.56,418.9,32.81
2026-02-10T18:49:28.298683,Chennai-TNagar,14.46,75.19,413.72,30.76
2026-02-10T18:49:29.302470,Chennai-Velachery,36.82,38.42,385.84,30.88
2026-02-10T18:49:30.310465,Chennai-AnnaNagar,18.08,77.15,314.53,27.37
2026-02-10T18:49:31.331469,Chennai-AnnaNagar,38.35,61.01,398.72,33.28
2026-02-10T18:49:32.334422,Chennai-Adyar,53.76,63.02,314.24,33.31
2026-02-10T18:49:33.338895,Chennai-Adyar,25.37,49.38,310.73,33.84
2026-02-10T18:49:34.344456,Chennai-TNagar,41.41,38.21,440.39,31.39
2026-02-10T18:49:35.348157,Chennai-AnnaNagar,33.56,25.16,329.56,25.99
2026-02-10T18:49:36.355114,Chennai-AnnaNagar,22.7,36.74,334.37,27.73
2026-02-10T18:49:37.358641,Chennai-AnnaNagar,32.93,56.4,312.57,27.43
2026-02-10T18:49:38.361525,Chennai-Adyar,24.66,59.47,319.94,32.82
2026-02-10T18:49:39.366219,Chennai-Velachery,26.31,49.7,434.96,33.24
2026-02-10T18:49:40.374139,Chennai-TNagar,41.18,71.34,447.01,32.99
2026-02-10T18:49:41.430642,Chennai-AnnaNagar,43.49,59.25,338.8,25.73
2026-02-10T18:49:42.500729,Chennai-Adyar,57.5,34.05,323.66,32.28
2026-02-10T18:49:43.540692,Chennai-AnnaNagar,45.38,47.34,387.19,27.47
2026-02-10T18:49:44.562531,Chennai-TNagar,21.42,40.78,330.5,25.32
2026-02-10T18:49:45.564069,Chennai-Adyar,97.28,133.84,318.78,25.96
2026-02-10T18:49:46.569177,Chennai-TNagar,12.4,27.09,321.02,28.84
2026-02-10T18:49:47.575808,Chennai-Adyar,44.77,89.87,395.4,33.7
2026-02-10T18:49:48.580867,Chennai-AnnaNagar,57.62,47.04,316.56,26.15
2026-02-10T18:49:49.585301,Chennai-Velachery,34.75,94.26,418.3,33.91
2026-02-10T18:49:50.593431,Chennai-Velachery,58.52,61.64,312.01,33.93
2026-02-10T18:49:51.626869,Chennai-TNagar,166.42,181.92,378.51,34.8
2026-02-10T18:49:52.633477,Chennai-TNagar,22.77,46.42,368.62,27.91
2026-02-10T18:49:53.638914,Chennai-TNagar,36.27,50.37,330.83,28.83
2026-02-10T18:49:54.705304,Chennai-TNagar,53.13,42.69,392.39,25.94
2026-02-10T18:49:55.728089,Chennai-Velachery,12.55,52.73,340.83,30.23
2026-02-10T18:49:56.793016,Chennai-AnnaNagar,25.11,34.52,309.38,26.0
2026-02-10T18:49:57.808234,Chennai-TNagar,17.61,67.23,315.65,27.82
2026-02-10T18:49:58.811276,Chennai-AnnaNagar,51.82,28.8,386.92,32.19
2026-02-10T18:49:59.813824,Chennai-Adyar,10.18,52.8,369.34,28.48
2026-02-10T18:50:00.820187,Chennai-AnnaNagar,11.9,71.35,359.46,31.08
2026-02-10T18:50:01.833465,Chennai-Velachery,12.97,49.04,332.97,33.48
2026-02-10T18:50:02.836685,Chennai-TNagar,43.92,53.45,338.12,30.66
2026-02-10T18:50:03.949463,Chennai-TNagar,20.31,38.28,330.61,31.81
2026-02-10T18:50:05.038139,Chennai-AnnaNagar,12.41,45.75,326.44,28.17
2026-02-10T18:50:06.042170,Chennai-TNagar,28.54,69.72,390.07,28.28
2026-02-10T18:50:07.046755,Chennai-Velachery,55.38,28.38,390.25,31.58
2026-02-10T18:50:08.049356,Chennai-Velachery,19.56,97.27,380.24,28.85
2026-02-10T18:50:09.053076,Chennai-Adyar,50.65,55.26,329.89,30.47
2026-02-10T18:50:10.057333,Chennai-Adyar,34.95,63.21,445.99,28.84
2026-02-10T18:50:11.060471,Chennai-Adyar,14.01,90.71,405.86,32.74
2026-02-10T18:50:12.066266,Chennai-Adyar,42.95,43.97,403.86,31.42
2026-02-10T18:50:13.879589,Chennai-AnnaNagar,144.96,157.32,337.26,28.74
2026-02-10T18:50:14.881534,Chennai-AnnaNagar,19.59,32.76,376.38,28.79
2026-02-10T18:50:15.895916,Chennai-AnnaNagar,33.62,74.43,304.86,30.52
2026-02-10T18:50:16.903478,Chennai-TNagar,17.71,38.11,356.88,33.95
2026-02-10T18:50:17.906779,Chennai-TNagar,88.78,148.31,306.3,29.68
2026-02-10T18:50:18.909538,Chennai-TNagar,14.78,81.31,324.1,34.97
2026-02-10T18:50:19.970325,Chennai-TNagar,116.01,183.17,331.05,28.53
2026-02-10T18:50:21.037109,Chennai-Velachery,59.58,52.09,344.52,26.4
2026-02-10T18:50:22.040628,Chennai-AnnaNagar,26.37,60.43,395.91,31.26
2026-02-10T18:50:23.046736,Chennai-Velachery,49.06,49.61,341.3,25.02
2026-02-10T18:50:24.051740,Chennai-Adyar,18.55,23.75,355.16,29.5
2026-02-10T18:50:25.056090,Chennai-Velachery,47.74,51.69,442.12,33.62
2026-02-10T18:50:26.070548,Chennai-TNagar,26.38,22.11,358.72,28.69
2026-02-10T18:50:27.075365,Chennai-AnnaNagar,25.83,90.13,412.48,29.7
2026-02-10T18:50:28.083296,Chennai-Adyar,22.39,94.26,447.52,27.07
2026-02-10T18:50:29.093635,Chennai-Adyar,44.81,99.09,388.63,29.04
2026-02-10T18:50:30.104838,Chennai-Adyar,18.02,37.7,390.86,25.91
2026-02-10T18:50:31.210348,Chennai-AnnaNagar,20.48,49.87,347.05,25.55
2026-02-10T18:50:32.216465,Chennai-Velachery,54.69,76.34,409.26,32.69
2026-02-10T18:50:33.232403,Chennai-Adyar,190.5,177.25,391.66,30.89
2026-02-10T18:50:34.239608,Chennai-Velachery,39.49,61.38,329.73,28.24
2026-02-10T18:50:35.248711,Chennai-Velachery,27.5,71.46,322.61,30.78
2026-02-10T18:50:36.256152,Chennai-Velachery,49.66,85.3,379.3,30.51
2026-02-10T18:50:37.261224,Chennai-Velachery,12.32,33.45,421.41,27.14
2026-02-10T18:50:38.266557,Chennai-AnnaNagar,27.14,53.47,375.42,34.85
2026-02-10T18:50:39.278634,Chennai-Adyar,42.36,54.92,332.42,34.05
2026-02-10T18:50:40.400295,Chennai-TNagar,49.17,47.08,322.34,25.12
2026-02-10T18:50:41.515937,Chennai-TNagar,20.39,80.51,311.18,34.84
2026-02-10T18:50:42.520493,Chennai-Velachery,53.47,96.48,412.14,33.69
2026-02-10T18:50:43.523814,Chennai-Velachery,19.8,81.52,352.28,29.85
2026-02-10T18:50:44.526864,Chennai-AnnaNagar,52.51,95.8,305.1,30.9
2026-02-10T18:50:45.527920,Chennai-AnnaNagar,37.05,62.37,417.04,31.08
2026-02-10T18:50:46.532978,Chennai-AnnaNagar,49.66,22.95,340.24,33.98
2026-02-10T18:50:47.537008,Chennai-Velachery,56.09,47.85,417.08,32.65
2026-02-10T18:50:48.654213,Chennai-Velachery,34.05,60.65,302.7,28.53
2026-02-10T18:50:49.751374,Chennai-TNagar,47.17,40.97,329.47,27.87
2026-02-10T18:50:50.773318,Chennai-AnnaNagar,35.68,62.09,410.06,32.12
2026-02-10T18:50:51.776937,Chennai-TNagar,10.44,44.68,428.89,31.86
2026-02-10T18:50:52.780668,Chennai-TNagar,89.72,189.9,318.17,33.49
2026-02-10T18:50:53.785310,Chennai-Adyar,53.08,57.05,447.95,34.48
2026-02-10T18:50:54.791658,Chennai-Velachery,54.15,64.58,407.54,25.88
2026-02-10T18:50:55.795806,Chennai-Adyar,44.81,79.72,374.69,27.07
2026-02-10T18:50:56.802232,Chennai-Velachery,18.41,79.76,310.55,34.39
2026-02-10T18:50:57.806277,Chennai-AnnaNagar,57.48,35.95,313.28,30.16
2026-02-10T18:50:58.847513,Chennai-TNagar,77.8,166.66,347.54,32.95
2026-02-10T18:50:59.852581,Chennai-TNagar,37.22,25.28,331.85,25.93
2026-02-10T18:51:00.856661,Chennai-AnnaNagar,30.28,24.52,401.31,25.34
2026-02-10T18:51:01.862441,Chennai-TNagar,103.24,96.99,311.66,32.59
2026-02-10T18:51:02.868751,Chennai-TNagar,27.34,78.24,309.69,32.21
2026-02-10T18:51:03.873637,Chennai-TNagar,57.87,42.53,440.12,33.14
2026-02-10T18:51:04.887114,Chennai-TNagar,11.61,49.14,388.38,27.93
2026-02-10T18:51:05.957447,Chennai-Velachery,54.7,48.36,306.49,31.87
2026-02-10T18:51:06.997642,Chennai-AnnaNagar,24.45,81.46,317.03,25.29
2026-02-10T18:51:08.003695,Chennai-TNagar,30.02,99.29,435.64,27.31
2026-02-10T18:51:09.012111,Chennai-TNagar,11.7,37.02,437.17,31.6
2026-02-10T18:51:10.015857,Chennai-Adyar,33.56,86.37,426.15,30.89
2026-02-10T18:51:11.019332,Chennai-Adyar,126.39,182.52,405.23,31.3
2026-02-10T18:51:12.023861,Chennai-AnnaNagar,18.59,41.35,416.2,33.43
2026-02-10T18:51:13.028443,Chennai-Adyar,58.57,26.86,300.28,28.75
2026-02-10T18:51:14.031974,Chennai-Adyar,53.52,97.65,339.55,26.76
2026-02-10T18:51:15.034488,Chennai-AnnaNagar,44.11,78.06,372.45,27.7
2026-02-10T18:51:16.127906,Chennai-AnnaNagar,22.9,56.67,324.92,26.15
2026-02-10T18:51:17.241058,Chennai-AnnaNagar,41.51,61.1,308.69,25.17
2026-02-10T18:51:18.255244,Chennai-AnnaNagar,45.93,68.4,434.42,27.41
2026-02-10T18:51:19.260452,Chennai-Adyar,39.85,21.36,326.91,29.5
2026-02-10T18:51:20.284661,Chennai-AnnaNagar,35.32,65.14,406.67,28.24
2026-02-10T18:51:21.286992,Chennai-TNagar,31.1,41.45,409.14,32.65
2026-02-10T18:51:22.292793,Chennai-TNagar,17.17,56.42,423.32,32.34
2026-02-10T18:51:23.296886,Chennai-TNagar,48.34,61.87,399.37,29.35
2026-02-10T18:51:24.302213,Chennai-AnnaNagar,39.22,47.01,433.86,28.9
2026-02-10T18:51:25.449690,Chennai-AnnaNagar,160.69,126.38,354.22,25.51
2026-02-10T18:51:26.535181,Chennai-TNagar,27.02,81.97,319.99,27.23
2026-02-10T18:51:27.540207,Chennai-AnnaNagar,28.46,22.44,412.6,28.59
2026-02-10T18:51:28.546767,Chennai-AnnaNagar,54.87,98.32,433.04,25.59
2026-02-10T18:51:29.553397,Chennai-Adyar,15.82,93.34,327.67,30.04
2026-02-10T18:51:30.557708,Chennai-AnnaNagar,10.67,51.02,440.38,26.78
2026-02-10T18:51:31.561843,Chennai-AnnaNagar,49.65,42.11,433.85,32.98
2026-02-10T18:51:32.573817,Chennai-Velachery,41.5,70.67,376.02,34.92
2026-02-10T18:51:33.598948,Chennai-Adyar,32.87,38.59,376.46,32.21
2026-02-10T18:51:34.603939,Chennai-Velachery,36.63,36.04,415.18,26.18
2026-02-10T18:51:35.607930,Chennai-Adyar,109.57,167.59,327.59,32.81
2026-02-10T18:51:36.613026,Chennai-TNagar,16.97,64.93,400.86,30.48
2026-02-10T18:51:37.699222,Chennai-Velachery,12.94,86.42,375.76,28.42
2026-02-10T18:51:38.817411,Chennai-Velachery,34.42,97.66,369.17,26.89
2026-02-10T18:51:39.950028,Chennai-AnnaNagar,27.82,56.33,320.73,33.24
2026-02-10T18:51:40.952698,Chennai-AnnaNagar,55.92,88.85,406.41,25.37
2026-02-10T18:51:41.955300,Chennai-TNagar,102.71,142.4,436.42,26.72
2026-02-10T18:51:42.958403,Chennai-AnnaNagar,22.23,39.7,304.38,27.83
2026-02-10T18:51:43.963768,Chennai-AnnaNagar,39.66,92.82,400.77,31.94
2026-02-10T18:51:44.964209,Chennai-TNagar,182.56,146.46,435.91,32.54
2026-02-10T18:51:45.968262,Chennai-Velachery,197.9,171.85,401.21,28.37
2026-02-10T18:51:47.010023,Chennai-TNagar,53.86,30.08,445.93,33.48
2026-02-10T18:51:48.122620,Chennai-AnnaNagar,51.33,96.52,355.38,27.72
2026-02-10T18:51:49.172167,Chennai-TNagar,11.15,30.48,320.69,31.93
2026-02-10T18:51:50.177692,Chennai-TNagar,21.88,65.43,308.34,29.89
2026-02-10T18:51:51.215927,Chennai-TNagar,50.93,97.9,418.49,34.4
2026-02-10T18:51:52.222573,Chennai-AnnaNagar,52.82,99.81,421.6,34.48
2026-02-10T18:51:53.227075,Chennai-AnnaNagar,48.56,51.73,375.18,27.97
2026-02-10T18:51:54.230604,Chennai-TNagar,11.69,87.19,395.11,26.89
2026-02-10T18:51:55.234816,Chennai-AnnaNagar,55.05,96.78,306.49,32.53
2026-02-10T18:51:56.240039,Chennai-TNagar,42.94,25.58,350.63,34.06
2026-02-10T18:51:57.257644,Chennai-TNagar,55.38,40.3,386.47,25.94
2026-02-10T18:51:59.183120,Chennai-Velachery,47.48,34.24,331.85,31.55
2026-02-10T18:52:00.189229,Chennai-Adyar,10.93,38.23,412.44,33.51
2026-02-10T18:52:01.255065,Chennai-AnnaNagar,56.45,31.77,375.12,28.37
2026-02-10T18:52:02.484661,Chennai-AnnaNagar,13.13,95.15,341.96,30.59
2026-02-10T18:52:03.487858,Chennai-TNagar,56.04,84.6,443.63,27.76
2026-02-10T18:52:04.490406,Chennai-AnnaNagar,44.37,49.17,369.21,32.75
2026-02-10T18:52:05.494433,Chennai-Adyar,54.86,44.79,426.33,27.75
2026-02-10T18:52:06.499195,Chennai-Adyar,48.47,72.01,305.44,33.9
2026-02-10T18:52:07.501979,Chennai-AnnaNagar,36.62,83.79,348.7,28.98
2026-02-10T18:52:08.506218,Chennai-Adyar,58.2,96.87,444.01,27.18
2026-02-10T18:52:09.509354,Chennai-TNagar,19.5,78.49,380.0,27.08
2026-02-10T18:52:10.513056,Chennai-TNagar,44.41,74.76,367.28,30.84
2026-02-10T18:52:11.518253,Chennai-Adyar,14.71,98.74,403.37,25.48
2026-02-10T18:52:12.522621,Chennai-AnnaNagar,33.01,50.16,320.02,33.25
2026-02-10T18:52:13.538053,Chennai-TNagar,59.58,37.03,322.68,25.27
2026-02-10T18:52:14.542177,Chennai-AnnaNagar,50.57,98.32,404.24,29.41
2026-02-10T18:52:15.544323,Chennai-AnnaNagar,49.27,20.35,406.95,31.86
2026-02-10T18:52:16.557618,Chennai-TNagar,50.22,88.29,419.36,32.8
2026-02-10T18:52:17.761769,Chennai-Adyar,35.56,71.29,338.32,29.87
2026-02-10T18:52:18.860812,Chennai-TNagar,16.7,73.42,307.57,28.88
2026-02-10T18:52:19.868566,Chennai-Velachery,12.51,54.89,319.56,27.01
2026-02-10T18:52:20.873783,Chennai-Adyar,41.9,42.03,364.79,29.36
2026-02-10T18:52:21.881045,Chennai-Velachery,18.27,31.07,375.88,25.71
2026-02-10T18:52:22.884025,Chennai-TNagar,36.78,77.26,338.82,28.69
2026-02-10T18:52:23.886544,Chennai-Velachery,58.9,69.91,347.33,33.31
2026-02-10T18:52:24.889476,Chennai-TNagar,20.76,54.81,367.58,33.83
2026-02-10T18:52:25.893682,Chennai-TNagar,59.39,40.67,427.99,34.3
2026-02-10T18:52:26.898646,Chennai-TNagar,35.82,76.09,382.0,28.97
2026-02-10T18:52:27.912488,Chennai-TNagar,43.64,75.5,346.68,28.14
2026-02-10T18:52:28.917903,Chennai-TNagar,179.11,173.4,383.38,34.86
2026-02-10T18:52:30.011244,Chennai-TNagar,48.8,35.6,432.68,30.52
2026-02-10T18:52:31.229847,Chennai-Adyar,39.19,98.31,330.34,31.4
2026-02-10T18:52:32.234151,Chennai-TNagar,33.27,22.16,375.31,26.39
2026-02-10T18:52:33.238370,Chennai-Velachery,150.18,190.28,396.72,27.7
2026-02-10T18:52:34.241145,Chennai-TNagar,36.14,75.44,387.53,30.87
2026-02-10T18:52:35.245190,Chennai-Adyar,10.95,31.82,318.5,25.11
2026-02-10T18:52:36.250740,Chennai-TNagar,43.5,28.34,310.71,27.67
2026-02-10T18:52:37.259407,Chennai-Adyar,135.57,190.94,304.23,27.06
2026-02-10T18:52:38.264492,Chennai-Velachery,33.0,24.16,427.63,30.51
2026-02-10T18:52:39.267324,Chennai-TNagar,14.15,20.59,333.62,27.03
2026-02-10T18:52:40.273157,Chennai-TNagar,38.96,59.46,386.81,30.97
2026-02-10T18:52:41.283535,Chennai-AnnaNagar,122.41,164.78,374.27,25.98
2026-02-10T18:52:42.483913,Chennai-Velachery,20.89,51.08,393.22,29.69
2026-02-10T18:52:43.694808,Chennai-Adyar,29.4,84.07,396.1,29.46
2026-02-10T18:52:44.694961,Chennai-Adyar,27.13,38.44,359.15,27.14
2026-02-10T18:52:45.698463,Chennai-Velachery,32.86,24.27,323.74,27.6
2026-02-10T18:52:46.701492,Chennai-AnnaNagar,41.14,45.95,363.33,28.41
2026-02-10T18:52:47.704117,Chennai-Velachery,10.7,20.16,428.28,33.23
2026-02-10T18:52:48.709415,Chennai-Velachery,148.11,180.48,310.73,34.5
2026-02-10T18:52:49.714187,Chennai-AnnaNagar,28.68,54.04,445.07,34.48
2026-02-10T18:52:50.718185,Chennai-Adyar,170.77,153.03,337.53,28.61
2026-02-10T18:52:51.724307,Chennai-Velachery,57.39,97.65,399.32,32.3
2026-02-10T18:52:52.727959,Chennai-AnnaNagar,40.11,93.94,405.82,33.53
2026-02-10T18:52:53.935263,Chennai-AnnaNagar,29.53,80.98,316.1,27.09
2026-02-10T18:52:55.027572,Chennai-Velachery,31.24,85.64,328.3,27.43
2026-02-10T18:52:55.951374,Chennai-Velachery,35.46,27.62,390.0,33.26
2026-02-10T18:52:56.958497,Chennai-AnnaNagar,34.98,32.66,325.64,29.2
2026-02-10T18:52:57.963096,Chennai-Velachery,51.82,51.1,374.8,32.67
2026-02-10T18:52:58.969044,Chennai-Velachery,33.01,99.3,361.13,25.7
2026-02-10T18:52:59.974907,Chennai-AnnaNagar,36.04,21.88,301.39,33.35
2026-02-10T18:53:00.996738,Chennai-Adyar,20.6,68.54,432.16,26.41
2026-02-10T18:53:02.007121,Chennai-TNagar,34.63,77.8,428.05,27.47
2026-02-10T18:53:03.012908,Chennai-Velachery,23.29,75.24,348.37,33.47
2026-02-10T18:53:04.018715,Chennai-TNagar,48.05,75.47,340.22,25.21
2026-02-10T18:53:05.026209,Chennai-TNagar,11.95,55.47,414.8,34.89
2026-02-10T18:53:06.032797,Chennai-Adyar,41.22,34.25,311.44,32.68
2026-02-10T18:53:07.038475,Chennai-TNagar,35.9,24.89,355.17,28.18
2026-02-10T18:53:08.043170,Chennai-AnnaNagar,16.49,88.35,360.2,33.04
2026-02-10T18:53:09.073640,Chennai-Adyar,32.59,91.24,408.37,34.08
2026-02-10T18:53:10.081135,Chennai-TNagar,29.77,44.46,343.94,33.74
2026-02-10T18:53:11.093837,Chennai-AnnaNagar,22.99,48.13,311.85,33.46
2026-02-10T18:53:12.100109,Chennai-Velachery,45.68,70.26,424.83,34.53
2026-02-10T18:53:13.104423,Chennai-Velachery,45.36,57.72,326.94,34.0
2026-02-10T18:53:14.108042,Chennai-AnnaNagar,33.43,23.07,310.38,25.99
2026-02-10T18:53:15.109666,Chennai-AnnaNagar,30.84,26.53,364.97,25.29
2026-02-10T18:53:16.112051,Chennai-TNagar,18.51,29.96,364.48,27.21
2026-02-10T18:53:17.115937,Chennai-Velachery,14.75,49.01,387.77,29.47
2026-02-10T18:53:18.122466,Chennai-Adyar,50.24,21.7,344.78,26.85
2026-02-10T18:53:19.127105,Chennai-TNagar,55.83,49.25,389.59,27.27
2026-02-10T18:53:20.132219,Chennai-AnnaNagar,50.59,78.4,361.94,28.52
2026-02-10T18:53:21.136622,Chennai-Velachery,39.67,72.07,373.34,34.86
2026-02-10T18:53:22.140989,Chennai-Velachery,86.16,181.37,380.45,25.44
2026-02-10T18:53:23.145364,Chennai-Adyar,43.31,47.42,357.77,32.79
2026-02-10T18:53:24.150443,Chennai-AnnaNagar,34.95,25.03,400.82,26.21
2026-02-10T18:53:25.186366,Chennai-Velachery,30.34,81.38,359.94,28.94
2026-02-10T18:53:26.191129,Chennai-Velachery,96.53,241.69,412.18,33.43
2026-02-10T18:53:27.230853,Chennai-AnnaNagar,56.78,81.32,416.43,32.12
2026-02-10T18:53:28.234612,Chennai-TNagar,57.63,93.03,319.12,27.77
2026-02-10T18:53:29.239187,Chennai-Adyar,50.32,78.9,381.88,34.42
2026-02-10T18:53:30.243495,Chennai-Velachery,13.28,91.11,408.62,28.89
2026-02-10T18:53:31.246665,Chennai-Velachery,20.56,37.32,328.93,34.32
2026-02-10T18:53:32.250730,Chennai-Velachery,54.26,51.86,409.76,33.56
2026-02-10T18:53:33.253553,Chennai-AnnaNagar,22.97,37.92,353.66,34.86
2026-02-10T18:53:34.256560,Chennai-Velachery,34.64,92.07,300.34,30.33
2026-02-10T18:53:35.260521,Chennai-Adyar,57.35,71.47,319.33,34.83
2026-02-10T18:53:36.264280,Chennai-AnnaNagar,32.83,97.21,329.81,33.33
2026-02-10T18:53:37.268991,Chennai-Adyar,51.31,73.84,418.87,34.16
2026-02-10T18:53:38.324255,Chennai-TNagar,49.97,51.69,338.99,25.23
2026-02-10T18:53:39.421198,Chennai-TNagar,49.58,33.5,392.64,30.02
2026-02-10T18:53:40.425810,Chennai-TNagar,52.88,22.75,368.98,29.17
2026-02-10T18:53:41.429787,Chennai-AnnaNagar,134.67,108.06,449.87,28.24
2026-02-10T18:53:42.433630,Chennai-AnnaNagar,32.63,59.48,419.03,32.82
2026-02-10T18:53:54.257539,Chennai-Adyar,99.4,202.2,320.65,31.01
2026-02-10T18:53:55.262703,Chennai-Adyar,59.12,26.9,396.36,25.3
2026-02-10T18:53:56.266355,Chennai-Adyar,46.86,71.57,312.9,28.82
2026-02-10T18:53:57.270734,Chennai-AnnaNagar,39.87,66.09,344.44,30.68
2026-02-10T18:53:58.284792,Chennai-Adyar,49.35,29.67,399.73,34.88
2026-02-10T18:53:59.289727,Chennai-TNagar,44.16,26.74,413.62,26.4
2026-02-10T18:54:00.293266,Chennai-AnnaNagar,46.99,22.43,372.58,26.65
2026-02-10T18:54:01.296490,Chennai-Velachery,35.19,61.07,373.35,32.56
2026-02-10T18:54:02.302137,Chennai-TNagar,39.3,38.51,374.08,29.11
2026-02-10T18:54:03.307277,Chennai-Adyar,14.75,61.17,307.46,34.2
2026-02-10T18:54:04.312285,Chennai-Adyar,37.06,29.74,444.75,30.08
2026-02-10T18:54:05.316215,Chennai-Adyar,91.98,168.38,406.43,27.76
2026-02-10T18:54:06.322140,Chennai-Velachery,38.3,70.87,344.77,27.9
2026-02-10T18:54:07.329524,Chennai-AnnaNagar,39.99,45.87,381.28,27.0
2026-02-10T18:54:08.332655,Chennai-Adyar,51.46,94.29,367.86,29.06
2026-02-10T18:54:09.338648,Chennai-AnnaNagar,58.35,39.76,424.29,25.43
2026-02-10T18:54:10.370416,Chennai-Adyar,16.6,83.08,330.47,28.71
2026-02-10T18:54:11.426268,Chennai-TNagar,190.71,123.95,328.92,31.19
2026-02-10T18:54:12.470702,Chennai-AnnaNagar,57.64,99.44,414.36,31.83
2026-02-10T18:54:13.477229,Chennai-AnnaNagar,12.15,93.63,331.33,31.51
2026-02-10T18:54:14.482263,Chennai-TNagar,55.52,62.68,310.89,34.29
2026-02-10T18:54:15.485433,Chennai-TNagar,16.22,31.68,370.48,29.21
2026-02-10T18:54:16.494308,Chennai-AnnaNagar,37.09,41.16,372.61,25.34
2026-02-10T18:54:17.499263,Chennai-Velachery,40.23,84.67,362.18,28.59
2026-02-10T18:54:18.538669,Chennai-Velachery,184.52,210.63,339.74,34.32
2026-02-10T18:54:19.544018,Chennai-TNagar,174.17,160.69,301.53,28.2
2026-02-10T18:54:20.550932,Chennai-Adyar,113.56,150.98,386.32,26.5
2026-02-10T18:54:21.556628,Chennai-Adyar,42.68,83.48,432.64,25.48
2026-02-10T18:54:22.699551,Chennai-Adyar,43.56,20.4,391.7,28.04
2026-02-10T18:54:23.774717,Chennai-Adyar,27.08,30.32,335.32,33.4
2026-02-10T18:54:24.781306,Chennai-Velachery,50.83,50.57,410.82,32.35
2026-02-10T18:54:25.788711,Chennai-AnnaNagar,44.95,95.69,309.84,25.3
2026-02-10T18:54:26.793829,Chennai-Adyar,29.28,98.06,355.3,32.99
2026-02-10T18:54:27.801025,Chennai-TNagar,20.32,43.14,342.3,29.16
2026-02-10T18:54:28.806907,Chennai-TNagar,23.73,79.73,310.7,26.06
2026-02-10T18:54:29.829710,Chennai-AnnaNagar,11.07,68.77,328.64,25.36
2026-02-10T18:54:30.836286,Chennai-AnnaNagar,40.53,51.16,388.35,27.67
2026-02-10T18:54:31.839720,Chennai-Velachery,36.14,46.33,381.27,31.31
2026-02-10T18:54:32.905330,Chennai-Velachery,33.14,31.76,382.96,34.51
2026-02-10T18:54:33.957469,Chennai-AnnaNagar,34.84,62.58,309.44,32.23
2026-02-10T18:54:34.960372,Chennai-TNagar,41.44,56.74,396.41,34.95
2026-02-10T18:54:35.966621,Chennai-TNagar,18.04,56.37,385.99,28.37
2026-02-10T18:54:36.980395,Chennai-Velachery,97.16,218.98,309.92,27.86
2026-02-10T18:54:37.993166,Chennai-TNagar,196.1,126.99,327.09,26.11
2026-02-10T18:54:38.996355,Chennai-TNagar,14.25,56.4,440.98,30.07
2026-02-10T18:54:40.000807,Chennai-AnnaNagar,13.47,90.71,332.97,31.12
2026-02-10T18:54:41.006948,Chennai-Velachery,39.37,39.65,390.92,31.51
2026-02-10T18:54:42.109863,Chennai-Velachery,24.09,49.8,347.96,28.87
2026-02-10T18:54:43.174536,Chennai-TNagar,17.1,32.25,412.3,28.97
2026-02-10T18:54:44.186065,Chennai-Velachery,33.21,68.21,320.59,30.23
2026-02-10T18:54:45.187783,Chennai-AnnaNagar,11.43,51.36,327.52,27.18
2026-02-10T18:55:08.403735,Chennai-Velachery,179.63,178.21,441.76,29.98
2026-02-10T18:55:09.445767,Chennai-AnnaNagar,32.25,31.03,311.88,28.67
2026-02-10T18:55:10.489820,Chennai-AnnaNagar,43.14,27.64,394.2,34.21
2026-02-10T18:55:11.512491,Chennai-AnnaNagar,16.15,54.15,369.04,31.94
2026-02-10T18:55:12.521223,Chennai-AnnaNagar,21.47,96.67,359.18,32.76
2026-02-10T18:55:13.531622,Chennai-Adyar,50.89,61.07,356.59,34.07
2026-02-10T18:55:14.538808,Chennai-Velachery,12.95,40.98,388.64,25.37
2026-02-10T18:55:15.541375,Chennai-AnnaNagar,49.03,51.75,391.85,27.39
2026-02-10T18:55:16.546833,Chennai-AnnaNagar,35.42,47.14,305.18,33.53
2026-02-10T18:55:17.553292,Chennai-TNagar,52.09,29.31,446.73,31.27
2026-02-10T18:55:18.557827,Chennai-AnnaNagar,34.22,80.35,320.23,30.47
2026-02-10T18:55:19.562683,Chennai-AnnaNagar,16.3,79.22,354.37,31.21
2026-02-10T18:55:20.569846,Chennai-Velachery,15.7,54.91,368.81,26.09
2026-02-10T18:55:21.576361,Chennai-TNagar,96.63,168.49,388.02,26.0
2026-02-10T18:55:22.582964,Chennai-AnnaNagar,45.23,71.2,325.66,34.24
2026-02-10T18:55:23.586931,Chennai-Velachery,42.97,71.97,388.71,33.68
2026-02-10T18:55:24.591692,Chennai-Velachery,18.76,71.77,413.58,31.44
2026-02-10T18:55:25.595836,Chennai-Adyar,22.14,51.87,401.55,25.41
2026-02-10T18:55:26.601054,Chennai-Adyar,11.73,55.77,329.38,33.28
2026-02-10T18:55:27.608614,Chennai-Adyar,49.1,72.91,331.02,34.6
2026-02-10T18:55:28.615243,Chennai-AnnaNagar,36.8,98.99,411.64,34.19
2026-02-10T18:55:29.623365,Chennai-Adyar,56.86,31.13,317.48,27.7
2026-02-10T18:55:30.632316,Chennai-TNagar,54.79,24.0,448.31,29.9
2026-02-10T18:55:31.637239,Chennai-AnnaNagar,15.7,97.18,369.1,26.99
2026-02-10T18:55:32.645561,Chennai-TNagar,23.35,36.99,348.13,26.78
2026-02-10T18:55:33.651190,Chennai-Adyar,30.05,25.85,332.02,33.5
2026-02-10T18:55:34.661287,Chennai-Adyar,33.09,80.56,319.78,27.45
2026-02-10T18:55:35.668323,Chennai-Velachery,16.79,40.01,408.4,30.35
2026-02-10T18:55:36.672664,Chennai-Adyar,36.67,47.37,378.06,32.18
2026-02-10T18:55:37.675567,Chennai-AnnaNagar,20.15,28.3,343.56,26.17
2026-02-10T18:55:38.680730,Chennai-Velachery,23.28,61.04,387.42,27.81
2026-02-10T18:55:39.689981,Chennai-TNagar,125.72,159.27,320.18,32.21
2026-02-10T18:55:40.695018,Chennai-Velachery,34.28,94.72,338.87,31.27
2026-02-10T18:55:41.700568,Chennai-Adyar,10.45,62.38,361.52,34.15
2026-02-10T18:55:42.704782,Chennai-TNagar,22.68,40.27,342.52,31.75
2026-02-10T18:55:43.707779,Chennai-TNagar,36.24,98.94,425.09,29.6
2026-02-10T18:55:44.707675,Chennai-TNagar,47.55,59.37,311.19,33.17
2026-02-10T18:55:45.712163,Chennai-Adyar,22.68,23.06,387.57,29.23
2026-02-10T18:55:46.717519,Chennai-AnnaNagar,46.08,43.09,429.83,31.06
2026-02-10T18:55:47.769358,Chennai-AnnaNagar,39.7,91.13,357.49,29.12
2026-02-10T18:55:48.839326,Chennai-AnnaNagar,25.48,80.95,342.3,27.6
2026-02-10T18:55:49.842237,Chennai-AnnaNagar,39.71,23.87,313.68,25.54
2026-02-10T18:55:50.846540,Chennai-TNagar,114.64,159.74,449.33,30.07
2026-02-10T18:55:51.850314,Chennai-Velachery,10.37,78.07,348.79,29.72
2026-02-10T18:55:52.853586,Chennai-Adyar,31.38,47.51,325.06,33.11
2026-02-10T18:55:53.857783,Chennai-Velachery,47.41,31.15,338.7,28.84
2026-02-10T18:55:54.861072,Chennai-AnnaNagar,52.86,98.28,351.42,26.38
2026-02-10T18:55:55.864191,Chennai-Adyar,47.4,78.02,406.54,29.82
2026-02-10T18:55:56.867639,Chennai-TNagar,28.64,69.17,439.88,26.26
2026-02-10T18:55:57.871990,Chennai-Adyar,41.02,30.63,315.71,30.29
2026-02-10T18:55:58.877767,Chennai-Velachery,22.05,27.99,365.6,28.49
2026-02-10T18:55:59.882861,Chennai-TNagar,32.95,66.86,369.99,31.28
2026-02-10T18:56:00.887486,Chennai-TNagar,47.26,88.61,408.12,30.0
2026-02-10T18:56:01.892784,Chennai-TNagar,58.48,37.25,371.01,30.09
2026-02-10T18:56:02.896778,Chennai-AnnaNagar,104.07,161.7,427.69,26.25
2026-02-10T18:56:03.900542,Chennai-Velachery,55.51,28.25,359.41,31.33
2026-02-10T18:56:04.905927,Chennai-AnnaNagar,49.76,22.42,432.73,31.64
2026-02-10T18:56:05.913157,Chennai-Velachery,53.85,64.81,341.19,27.56
2026-02-10T18:56:06.926026,Chennai-TNagar,47.82,50.62,389.13,30.14
2026-02-10T18:56:08.007650,Chennai-TNagar,129.83,144.46,447.5,29.88
2026-02-10T18:56:09.060743,Chennai-AnnaNagar,28.39,41.63,434.57,27.84
2026-02-10T18:56:10.122948,Chennai-TNagar,28.52,91.49,362.93,33.57
2026-02-10T18:56:11.126886,Chennai-Velachery,37.73,92.88,444.51,30.14
2026-02-10T18:56:12.133550,Chennai-Velachery,15.99,91.84,361.69,26.25
2026-02-10T18:56:13.137639,Chennai-Velachery,54.6,76.05,351.3,31.07
2026-02-10T18:56:14.142538,Chennai-AnnaNagar,20.32,75.11,335.14,32.03
2026-02-10T18:56:15.143965,Chennai-AnnaNagar,23.57,68.81,390.05,25.71
2026-02-10T18:56:16.150705,Chennai-Velachery,23.03,22.4,347.71,34.59
2026-02-10T18:56:17.160191,Chennai-TNagar,58.9,91.68,417.87,28.6
2026-02-10T18:56:18.167652,Chennai-Adyar,34.29,95.06,444.4,34.5
2026-02-10T18:56:19.171726,Chennai-Adyar,57.54,50.78,305.26,29.87
2026-02-10T18:56:20.183997,Chennai-Velachery,45.34,48.74,346.06,33.46
2026-02-10T18:56:21.190553,Chennai-Adyar,14.39,86.84,308.07,34.99
2026-02-10T18:56:22.202214,Chennai-AnnaNagar,27.71,47.67,333.27,34.02
2026-02-10T18:56:23.206822,Chennai-Velachery,49.22,67.38,359.06,28.35
2026-02-10T18:56:24.213703,Chennai-TNagar,44.64,55.64,363.55,25.9
2026-02-10T18:56:25.221111,Chennai-TNagar,16.59,98.71,326.53,26.07
2026-02-10T18:56:26.227719,Chennai-Velachery,31.53,36.01,366.16,29.84
2026-02-10T18:56:27.259000,Chennai-TNagar,107.22,163.4,368.93,31.47
2026-02-10T18:56:28.263387,Chennai-Velachery,15.46,75.34,320.06,32.34
2026-02-10T18:56:29.268152,Chennai-AnnaNagar,58.63,64.95,377.11,34.92
2026-02-10T18:56:30.272013,Chennai-AnnaNagar,52.22,36.49,381.31,33.72
2026-02-10T18:56:31.276589,Chennai-Adyar,36.22,27.12,403.57,27.48
2026-02-10T18:56:32.283715,Chennai-TNagar,12.9,90.31,352.64,26.33
2026-02-10T18:56:33.295246,Chennai-Adyar,33.9,62.21,449.83,34.57
2026-02-10T18:56:34.304095,Chennai-Adyar,54.39,54.57,378.55,27.57
2026-02-10T18:56:35.318669,Chennai-AnnaNagar,57.11,44.84,394.11,30.88
2026-02-10T18:56:36.329406,Chennai-TNagar,20.59,51.68,446.17,25.42
2026-02-10T18:56:37.334971,Chennai-AnnaNagar,53.06,66.41,328.43,32.15
2026-02-10T18:56:38.341114,Chennai-TNagar,37.17,60.14,324.97,31.25
2026-02-10T18:56:39.346433,Chennai-AnnaNagar,25.43,36.36,406.54,30.09
2026-02-10T18:56:40.356136,Chennai-Adyar,38.08,83.36,369.94,29.13
2026-02-10T18:56:41.360578,Chennai-Velachery,18.6,27.79,394.91,34.12
2026-02-10T18:56:42.365683,Chennai-TNagar,32.27,47.89,363.99,33.92
2026-02-10T18:56:43.371722,Chennai-AnnaNagar,34.56,37.69,363.26,29.87
2026-02-10T18:56:44.379402,Chennai-Adyar,36.57,73.96,370.21,27.02
2026-02-10T18:56:45.382528,Chennai-TNagar,26.96,67.27,330.27,34.5
2026-02-10T18:56:46.395259,Chennai-Velachery,39.67,85.72,325.98,29.39
2026-02-10T18:56:47.410170,Chennai-TNagar,36.13,91.56,440.87,31.23
2026-02-10T18:56:48.414140,Chennai-TNagar,82.08,191.22,446.68,30.44
2026-02-10T18:56:49.418988,Chennai-AnnaNagar,34.59,38.7,318.39,29.7
2026-02-10T18:56:50.424223,Chennai-AnnaNagar,53.37,33.93,319.84,33.25
2026-02-10T18:56:51.427225,Chennai-Velachery,18.47,60.85,333.65,28.52
2026-02-10T18:56:52.434359,Chennai-AnnaNagar,142.34,202.4,317.5,25.63
2026-02-10T18:56:53.527769,Chennai-AnnaNagar,10.26,53.33,334.25,31.82
2026-02-10T18:56:54.606493,Chennai-Adyar,27.71,28.26,302.7,34.43
2026-02-10T18:56:55.613859,Chennai-Adyar,44.29,63.93,408.1,26.48
2026-02-10T18:56:56.628266,Chennai-TNagar,47.11,20.11,350.48,27.89
2026-02-10T18:56:57.633118,Chennai-AnnaNagar,38.56,41.37,412.76,31.31
2026-02-10T18:56:58.635917,Chennai-Adyar,37.38,95.11,318.45,28.2
2026-02-10T18:56:59.639201,Chennai-AnnaNagar,36.15,66.47,432.07,31.16
2026-02-10T18:57:00.643749,Chennai-Velachery,28.31,56.91,395.63,26.5
2026-02-10T18:57:01.648517,Chennai-Velachery,43.41,54.02,438.72,30.52
2026-02-10T18:57:02.731196,Chennai-AnnaNagar,44.89,62.01,310.17,32.58
2026-02-10T18:57:03.776758,Chennai-Velachery,17.07,48.99,358.73,27.85
2026-02-10T18:57:04.780488,Chennai-Adyar,32.18,96.55,365.21,32.07
2026-02-10T18:57:05.785374,Chennai-Velachery,37.17,34.75,396.8,28.37
2026-02-10T18:57:06.790386,Chennai-Adyar,40.99,73.66,346.01,33.91
2026-02-10T18:57:07.795487,Chennai-Adyar,26.24,59.74,414.79,28.42
2026-02-10T18:57:08.804627,Chennai-Adyar,31.1,87.99,325.48,30.38
2026-02-10T18:57:09.810263,Chennai-AnnaNagar,22.07,56.65,311.71,30.62
2026-02-10T18:57:10.815133,Chennai-TNagar,12.19,49.73,325.72,32.88
2026-02-10T18:57:11.820526,Chennai-Adyar,30.05,77.07,332.17,28.95
2026-02-10T18:57:12.920523,Chennai-Adyar,49.19,48.13,391.54,26.56
2026-02-10T18:57:14.024242,Chennai-AnnaNagar,39.63,87.3,444.17,25.7
2026-02-10T18:57:15.026130,Chennai-TNagar,150.37,107.2,303.74,33.58
2026-02-10T18:57:16.031124,Chennai-AnnaNagar,28.85,47.82,414.22,27.38
2026-02-10T18:57:17.035654,Chennai-TNagar,45.83,92.05,399.57,27.0
2026-02-10T18:57:18.039805,Chennai-TNagar,17.68,70.07,382.05,26.43
2026-02-10T18:57:19.044078,Chennai-Velachery,17.94,22.97,359.77,34.84
2026-02-10T18:57:20.048979,Chennai-AnnaNagar,86.54,217.55,429.1,33.55
2026-02-10T18:57:21.056148,Chennai-AnnaNagar,131.58,97.46,392.26,32.68
2026-02-10T18:57:22.061985,Chennai-Velachery,36.65,33.67,381.32,34.04
2026-02-10T18:57:23.066732,Chennai-TNagar,111.33,97.98,419.18,29.17
2026-02-10T18:57:24.112080,Chennai-TNagar,17.65,70.48,307.92,27.12
2026-02-10T18:57:25.200891,Chennai-Adyar,55.39,74.4,440.83,25.86
2026-02-10T18:57:26.206081,Chennai-Adyar,51.89,55.18,438.78,33.74
2026-02-10T18:57:27.212775,Chennai-AnnaNagar,48.88,47.52,421.43,26.59
2026-02-10T18:57:28.216980,Chennai-TNagar,55.03,31.63,340.02,31.46
2026-02-10T18:57:29.221438,Chennai-Adyar,13.76,95.73,424.61,28.63
2026-02-10T18:57:30.242381,Chennai-Adyar,56.7,43.37,389.2,32.72
2026-02-10T18:57:31.246599,Chennai-Velachery,101.53,190.51,334.23,27.62
2026-02-10T18:57:32.250368,Chennai-Adyar,57.56,73.27,321.57,26.39
2026-02-10T18:57:33.255185,Chennai-AnnaNagar,51.52,54.5,437.55,27.64
2026-02-10T18:57:34.259996,Chennai-AnnaNagar,40.1,52.58,442.84,33.34
2026-02-10T18:57:35.265758,Chennai-TNagar,54.63,41.62,426.26,28.77
2026-02-10T18:57:36.327458,Chennai-Velachery,30.89,95.01,408.74,34.73
2026-02-10T18:57:37.392766,Chennai-TNagar,59.49,42.64,325.24,26.72
2026-02-10T18:57:38.428090,Chennai-Velachery,103.82,115.62,412.56,33.12
2026-02-10T18:57:39.437968,Chennai-Velachery,50.77,62.28,345.77,31.21
2026-02-10T18:57:40.442515,Chennai-AnnaNagar,26.43,33.37,405.62,27.09
2026-02-10T18:57:41.446342,Chennai-AnnaNagar,58.81,20.81,403.88,31.9
2026-02-10T18:57:42.450351,Chennai-Adyar,43.2,34.39,321.03,31.08
2026-02-10T18:57:43.470944,Chennai-AnnaNagar,23.99,51.01,327.55,26.6
2026-02-10T18:57:44.474299,Chennai-TNagar,28.74,81.78,387.78,28.96
2026-02-10T18:57:45.476191,Chennai-Velachery,195.64,166.63,362.59,32.5
2026-02-10T18:57:46.575469,Chennai-Velachery,37.26,34.61,371.42,28.21
2026-02-10T18:57:47.722273,Chennai-TNagar,48.26,46.96,384.21,27.26
2026-02-10T18:57:48.727588,Chennai-Adyar,13.53,89.42,338.82,25.42
2026-02-10T18:57:49.738507,Chennai-Adyar,49.4,72.09,399.33,32.82
2026-02-10T18:57:50.745120,Chennai-Velachery,47.7,74.09,420.51,26.38
2026-02-10T18:57:51.750092,Chennai-Adyar,47.02,91.19,372.69,27.33
2026-02-10T18:57:52.757729,Chennai-AnnaNagar,56.7,83.46,447.59,34.36
2026-02-10T18:57:53.762862,Chennai-AnnaNagar,35.88,87.09,377.45,26.64
2026-02-10T18:57:54.767519,Chennai-Velachery,10.76,82.36,439.06,32.65
2026-02-10T18:57:55.770816,Chennai-Adyar,58.53,68.04,443.79,30.69
2026-02-10T18:57:56.812399,Chennai-AnnaNagar,41.3,22.11,396.92,25.35
2026-02-10T18:57:57.828571,Chennai-AnnaNagar,13.21,90.14,401.5,25.39
2026-02-10T18:57:58.850513,Chennai-TNagar,136.71,242.11,349.99,25.84
2026-02-10T18:57:59.854245,Chennai-TNagar,42.22,85.01,347.13,26.19
2026-02-10T18:58:00.857656,Chennai-AnnaNagar,32.28,41.41,321.97,33.38
2026-02-10T18:58:01.861095,Chennai-AnnaNagar,128.58,153.23,351.1,29.29
2026-02-10T18:58:02.865504,Chennai-TNagar,23.44,72.43,449.24,29.12
2026-02-10T18:58:03.889257,Chennai-Velachery,26.91,36.83,300.06,27.01
2026-02-10T18:58:04.929370,Chennai-AnnaNagar,181.24,128.03,411.11,26.75
2026-02-10T18:58:05.948139,Chennai-TNagar,39.57,63.07,363.21,31.45
2026-02-10T18:58:06.961321,Chennai-Velachery,15.78,50.88,403.85,32.58
2026-02-10T18:58:07.967628,Chennai-AnnaNagar,54.33,67.0,306.22,25.93
2026-02-10T18:58:08.977522,Chennai-Velachery,18.36,22.25,361.98,28.3
2026-02-10T18:58:10.043470,Chennai-Velachery,38.37,54.0,440.93,28.82
2026-02-10T18:58:11.100813,Chennai-AnnaNagar,13.36,46.3,405.25,26.1
2026-02-10T18:58:12.110283,Chennai-AnnaNagar,13.61,30.77,381.31,28.7
2026-02-10T18:58:13.116800,Chennai-Velachery,55.39,32.21,402.16,32.64
2026-02-10T18:58:14.123616,Chennai-Adyar,28.64,21.09,300.76,34.86
2026-02-10T18:58:15.125532,Chennai-AnnaNagar,33.29,21.15,371.18,25.55
2026-02-10T18:58:16.131373,Chennai-AnnaNagar,56.4,90.89,329.1,30.26
2026-02-10T18:58:17.134567,Chennai-Adyar,35.56,90.42,401.59,31.53
2026-02-10T18:58:18.140069,Chennai-Velachery,103.61,220.51,429.67,31.64
2026-02-10T18:58:19.233417,Chennai-TNagar,25.47,58.6,322.06,33.95
2026-02-10T18:58:20.386943,Chennai-Velachery,14.54,50.42,332.59,30.69
2026-02-10T18:58:21.392276,Chennai-AnnaNagar,51.79,79.42,406.74,26.14
2026-02-10T18:58:22.399499,Chennai-AnnaNagar,46.57,34.89,371.56,25.97
2026-02-10T18:58:23.403433,Chennai-Adyar,129.81,209.28,404.27,31.2
2026-02-10T18:58:24.408257,Chennai-AnnaNagar,193.52,171.43,409.89,34.23
2026-02-10T18:58:25.413076,Chennai-AnnaNagar,45.1,20.76,336.68,34.21
2026-02-10T18:58:26.417902,Chennai-Velachery,181.69,176.76,351.07,27.38
2026-02-10T18:58:27.429153,Chennai-AnnaNagar,57.9,62.9,399.33,28.33
2026-02-10T18:58:28.437996,Chennai-TNagar,45.46,69.51,419.77,32.86
2026-02-10T18:58:29.450408,Chennai-AnnaNagar,171.69,162.46,383.18,29.15
2026-02-10T18:58:30.516685,Chennai-Velachery,44.2,49.42,359.19,31.13
2026-02-10T18:58:31.594826,Chennai-TNagar,43.72,79.08,381.07,26.57
2026-02-10T18:58:32.600513,Chennai-Adyar,52.07,40.09,439.74,32.12
2026-02-10T18:58:33.606520,Chennai-Adyar,25.26,59.26,422.62,32.35
2026-02-10T18:58:34.610671,Chennai-Adyar,59.34,55.38,398.65,25.14
2026-02-10T18:58:35.615528,Chennai-Adyar,15.12,68.07,335.69,32.54
2026-02-10T18:58:36.620534,Chennai-Adyar,37.93,76.9,427.5,26.31
2026-02-10T18:58:37.624525,Chennai-AnnaNagar,42.26,45.56,426.45,33.3
2026-02-10T18:58:38.630043,Chennai-Adyar,40.38,67.65,394.24,28.39
2026-02-10T18:58:39.724544,Chennai-AnnaNagar,11.48,36.11,379.39,28.43
2026-02-10T18:58:40.848718,Chennai-AnnaNagar,142.33,181.71,398.98,34.41
2026-02-10T18:58:42.020659,Chennai-Adyar,44.69,26.41,371.92,30.22
2026-02-10T18:58:43.032671,Chennai-Velachery,18.91,92.3,406.7,32.87
2026-02-10T18:58:44.037892,Chennai-Adyar,36.38,57.75,393.43,32.1
2026-02-10T18:58:45.039714,Chennai-AnnaNagar,56.42,79.88,392.3,26.41
2026-02-10T18:58:46.082386,Chennai-AnnaNagar,24.96,54.4,423.74,29.75
2026-02-10T18:58:47.087684,Chennai-Velachery,39.64,95.11,390.73,34.18
2026-02-10T18:58:48.091706,Chennai-TNagar,158.56,157.9,304.57,26.66
2026-02-10T18:58:49.098210,Chennai-TNagar,43.76,97.82,435.95,25.12
2026-02-10T18:58:50.215933,Chennai-Adyar,46.92,54.49,436.84,33.85
2026-02-10T18:58:51.312143,Chennai-AnnaNagar,11.51,99.67,355.55,30.25
2026-02-10T18:58:52.316935,Chennai-TNagar,17.88,37.38,433.95,29.5
2026-02-10T18:58:53.320591,Chennai-TNagar,30.75,79.03,392.73,32.34
2026-02-10T18:58:54.323811,Chennai-TNagar,59.68,78.57,300.39,32.84
2026-02-10T18:58:55.330574,Chennai-AnnaNagar,46.3,99.68,382.01,26.28
2026-02-10T18:58:56.335020,Chennai-Adyar,24.14,45.97,348.2,31.53
2026-02-10T18:58:57.339452,Chennai-Velachery,29.11,68.01,442.66,29.04
2026-02-10T18:58:58.343948,Chennai-Velachery,27.98,24.98,401.35,27.69
2026-02-10T18:58:59.348524,Chennai-TNagar,148.78,183.12,449.22,32.44
2026-02-10T18:59:00.377652,Chennai-TNagar,20.77,77.92,340.06,31.06
2026-02-10T18:59:01.382117,Chennai-TNagar,19.93,50.76,356.09,33.52
2026-02-10T18:59:02.386942,Chennai-Velachery,28.83,56.83,343.17,25.12
2026-02-10T18:59:03.390243,Chennai-Velachery,43.19,29.92,430.71,28.1
2026-02-10T18:59:04.396531,Chennai-Adyar,21.85,23.26,386.47,33.01
2026-02-10T18:59:05.400974,Chennai-Adyar,46.62,23.72,315.97,29.47
2026-02-10T18:59:06.514348,Chennai-Adyar,29.86,28.93,389.8,25.25
2026-02-10T18:59:07.638822,Chennai-AnnaNagar,56.83,43.03,413.97,25.9
2026-02-10T18:59:08.642948,Chennai-Adyar,88.78,226.36,372.92,26.3
2026-02-10T18:59:09.648733,Chennai-Velachery,40.19,22.94,399.22,25.92
2026-02-10T18:59:10.656378,Chennai-Adyar,59.06,49.48,421.84,28.57
2026-02-10T18:59:11.662716,Chennai-TNagar,18.2,50.12,403.23,25.24
2026-02-10T18:59:12.667673,Chennai-TNagar,101.78,178.41,368.77,29.9
2026-02-10T18:59:13.673077,Chennai-Adyar,10.24,22.95,301.28,30.06
2026-02-10T18:59:14.679625,Chennai-Velachery,56.06,28.23,306.59,29.14
2026-02-10T18:59:15.685312,Chennai-AnnaNagar,22.02,20.95,362.99,32.08
2026-02-10T18:59:16.693268,Chennai-Velachery,36.58,64.75,362.01,33.08
2026-02-10T18:59:17.865017,Chennai-Velachery,42.12,47.94,374.52,27.25
2026-02-10T18:59:19.117377,Chennai-Velachery,32.18,85.76,338.03,27.29
2026-02-10T18:59:20.123708,Chennai-AnnaNagar,22.72,52.46,379.48,27.26
2026-02-10T18:59:21.132656,Chennai-Adyar,31.53,90.0,354.59,33.29
2026-02-10T18:59:22.154203,Chennai-AnnaNagar,55.37,51.55,322.4,33.23
2026-02-10T18:59:23.168856,Chennai-Adyar,34.68,43.2,331.36,27.68
2026-02-10T18:59:24.182959,Chennai-TNagar,49.38,66.22,359.7,33.38
2026-02-10T18:59:25.204662,Chennai-TNagar,41.07,37.05,331.53,30.33
2026-02-10T18:59:26.431249,Chennai-AnnaNagar,31.43,57.53,359.83,30.54
2026-02-10T18:59:27.447326,Chennai-AnnaNagar,44.06,69.9,411.78,29.26
2026-02-10T18:59:28.459860,Chennai-TNagar,14.03,57.4,398.25,31.15
2026-02-10T18:59:29.541953,Chennai-AnnaNagar,53.34,44.02,342.69,26.13
2026-02-10T18:59:30.576254,Chennai-TNagar,57.1,83.33,431.86,25.85
2026-02-10T18:59:31.605275,Chennai-Adyar,34.99,83.65,375.82,32.26
2026-02-10T18:59:32.615528,Chennai-Adyar,33.8,64.3,336.85,33.36
2026-02-10T18:59:33.684644,Chennai-Velachery,31.09,42.8,418.04,25.4
2026-02-10T18:59:34.697458,Chennai-AnnaNagar,25.1,35.66,407.7,29.68
2026-02-10T18:59:35.721588,Chennai-AnnaNagar,54.45,53.82,312.29,32.13
2026-02-10T18:59:36.725225,Chennai-Velachery,11.67,57.8,402.11,27.06
2026-02-10T18:59:37.729814,Chennai-TNagar,13.61,58.41,399.63,32.55
2026-02-10T18:59:38.733996,Chennai-Velachery,150.21,169.57,445.88,28.79
2026-02-10T18:59:39.738294,Chennai-TNagar,16.57,34.86,427.54,30.52
2026-02-10T18:59:40.741259,Chennai-Adyar,41.66,69.4,377.14,33.85
2026-02-10T18:59:41.745624,Chennai-AnnaNagar,28.97,28.62,400.27,29.69
2026-02-10T18:59:42.749953,Chennai-AnnaNagar,32.12,31.15,438.4,31.35
2026-02-10T18:59:43.754728,Chennai-Velachery,38.17,25.74,418.32,29.03
2026-02-10T18:59:44.755598,Chennai-Adyar,113.89,181.13,435.03,28.52
2026-02-10T18:59:45.759821,Chennai-Adyar,28.44,77.55,430.68,26.22
2026-02-10T18:59:46.764641,Chennai-AnnaNagar,39.61,67.32,408.42,28.91
2026-02-10T18:59:47.768368,Chennai-TNagar,56.46,53.2,407.39,29.06
2026-02-10T18:59:48.781297,Chennai-AnnaNagar,27.17,38.67,373.28,31.41
2026-02-10T18:59:49.789493,Chennai-TNagar,13.88,27.22,358.08,28.46
2026-02-10T18:59:50.793954,Chennai-TNagar,118.14,77.54,440.4,30.36
2026-02-10T18:59:51.798569,Chennai-AnnaNagar,155.27,180.46,338.89,29.4
2026-02-10T18:59:52.804511,Chennai-Velachery,59.54,29.79,346.69,33.85
2026-02-10T18:59:53.809519,Chennai-Adyar,12.57,84.55,403.46,34.5
2026-02-10T18:59:54.819494,Chennai-TNagar,121.8,119.91,373.44,32.93
2026-02-10T18:59:55.822386,Chennai-Adyar,32.55,34.87,379.2,32.83
2026-02-10T18:59:56.827664,Chennai-Velachery,13.24,79.95,441.97,30.77
2026-02-10T18:59:57.836419,Chennai-Velachery,58.76,95.13,384.02,32.22
2026-02-10T18:59:58.840288,Chennai-Velachery,12.32,32.55,330.87,33.57
2026-02-10T18:59:59.845241,Chennai-AnnaNagar,10.86,86.02,377.17,30.99
2026-02-10T19:00:00.868813,Chennai-TNagar,28.93,65.31,425.14,29.29
2026-02-10T19:00:01.875964,Chennai-Velachery,36.51,72.9,399.39,33.41
2026-02-10T19:00:02.885978,Chennai-AnnaNagar,59.11,46.27,417.52,27.57
2026-02-10T19:00:03.894726,Chennai-AnnaNagar,59.91,95.85,425.02,30.39
2026-02-10T19:00:04.899513,Chennai-TNagar,52.97,52.21,317.15,32.15
2026-02-10T19:00:05.903312,Chennai-Adyar,56.9,95.76,364.78,25.88
2026-02-10T19:00:06.909003,Chennai-TNagar,18.04,40.88,426.42,33.19
2026-02-10T19:00:07.917772,Chennai-AnnaNagar,15.98,94.45,432.0,34.37
2026-02-10T19:00:08.930845,Chennai-Adyar,11.7,90.42,337.32,34.71
2026-02-10T19:00:09.944603,Chennai-AnnaNagar,80.98,112.84,337.91,26.3
2026-02-10T19:00:10.950239,Chennai-Adyar,32.64,53.36,404.56,34.02
2026-02-10T19:00:11.958734,Chennai-AnnaNagar,35.51,45.9,423.34,32.94
2026-02-10T19:00:12.964868,Chennai-Adyar,12.51,62.62,351.49,29.84
2026-02-10T19:00:13.971286,Chennai-AnnaNagar,56.4,42.55,432.89,30.7
2026-02-10T19:00:14.973363,Chennai-Velachery,23.35,78.8,349.23,31.28
2026-02-10T19:00:15.980525,Chennai-AnnaNagar,10.06,22.5,418.93,26.97
2026-02-10T19:00:16.984533,Chennai-Adyar,44.47,25.08,408.16,27.35
2026-02-10T19:00:17.990139,Chennai-Velachery,31.69,95.99,436.28,31.23
2026-02-10T19:00:19.003414,Chennai-Velachery,36.63,34.73,424.92,32.73
2026-02-10T19:00:20.010447,Chennai-TNagar,14.89,53.78,321.07,34.65
2026-02-10T19:00:21.016033,Chennai-Adyar,36.01,79.59,441.92,34.88
2026-02-10T19:00:22.021883,Chennai-AnnaNagar,17.44,85.93,409.83,34.09
2026-02-10T19:00:23.027542,Chennai-AnnaNagar,54.69,42.81,326.03,25.25
2026-02-10T19:00:24.032668,Chennai-TNagar,28.08,24.7,337.7,26.44
2026-02-10T19:00:25.051308,Chennai-Velachery,49.69,61.84,365.22,30.2
2026-02-10T19:00:26.098382,Chennai-Adyar,20.41,55.12,374.52,27.07
2026-02-10T19:00:27.120677,Chennai-Velachery,57.49,61.36,416.54,27.28
2026-02-10T19:00:28.125749,Chennai-Adyar,104.82,164.94,427.03,33.44
2026-02-10T19:00:29.131845,Chennai-TNagar,32.18,51.89,447.9,33.61
2026-02-10T19:00:30.136739,Chennai-Velachery,58.92,95.17,315.15,29.7
2026-02-10T19:00:31.141069,Chennai-Adyar,54.79,98.45,428.35,32.54
2026-02-10T19:00:32.147728,Chennai-AnnaNagar,56.07,51.54,414.65,31.92
2026-02-10T19:00:33.151368,Chennai-Adyar,13.77,28.45,394.31,34.82
2026-02-10T19:00:34.212631,Chennai-Velachery,35.93,72.3,378.75,30.98
2026-02-10T19:00:35.323938,Chennai-AnnaNagar,41.19,54.35,323.67,26.89
2026-02-10T19:00:36.328833,Chennai-Adyar,30.99,50.5,419.58,33.21
2026-02-10T19:00:37.335547,Chennai-TNagar,21.61,77.49,328.77,28.09
2026-02-10T19:00:38.340381,Chennai-Velachery,55.57,24.12,334.47,34.06
2026-02-10T19:00:39.344648,Chennai-Velachery,30.38,80.09,301.2,27.7
2026-02-10T19:00:40.349515,Chennai-Adyar,199.46,212.36,304.68,34.32
2026-02-10T19:00:41.361178,Chennai-Adyar,19.5,49.4,398.07,26.3
2026-02-10T19:00:42.366914,Chennai-AnnaNagar,87.93,145.45,426.72,33.24
2026-02-10T19:00:43.370745,Chennai-TNagar,55.04,70.12,397.41,28.39
2026-02-10T19:00:44.377742,Chennai-AnnaNagar,109.1,150.36,350.23,25.4
2026-02-10T19:00:45.382076,Chennai-TNagar,14.14,91.96,334.61,34.56
2026-02-10T19:00:46.386000,Chennai-Adyar,54.93,51.99,408.45,31.15
2026-02-10T19:00:47.393026,Chennai-AnnaNagar,46.86,63.96,340.78,33.61
2026-02-10T19:00:48.396573,Chennai-Adyar,21.58,43.38,308.49,25.95
2026-02-10T19:00:49.401303,Chennai-TNagar,43.78,91.45,332.64,32.79
2026-02-10T19:00:50.413344,Chennai-Adyar,12.77,99.22,324.35,32.5
2026-02-10T19:00:51.424789,Chennai-Velachery,29.25,39.42,325.64,34.55
2026-02-10T19:00:52.431123,Chennai-TNagar,25.04,41.94,334.36,33.87
2026-02-10T19:00:53.436573,Chennai-AnnaNagar,18.46,42.75,339.6,26.48
2026-02-10T19:00:54.441271,Chennai-Velachery,51.51,35.88,407.3,33.56
2026-02-10T19:00:55.455228,Chennai-TNagar,27.74,88.25,438.67,29.26
2026-02-10T19:00:56.460937,Chennai-AnnaNagar,10.54,45.12,406.51,26.72
2026-02-10T19:00:57.467165,Chennai-AnnaNagar,15.3,34.59,399.75,28.87
2026-02-10T19:00:58.472711,Chennai-TNagar,14.46,59.48,371.16,29.58
2026-02-10T19:00:59.489085,Chennai-Adyar,185.51,134.46,308.07,34.09
2026-02-10T19:01:00.493706,Chennai-AnnaNagar,39.73,46.07,400.88,32.92
2026-02-10T19:01:01.499544,Chennai-TNagar,12.53,62.48,437.61,29.11
2026-02-10T19:01:02.510569,Chennai-AnnaNagar,41.86,97.15,394.24,26.29
2026-02-10T19:01:03.516479,Chennai-TNagar,34.69,33.86,348.76,31.02
2026-02-10T19:01:04.525637,Chennai-AnnaNagar,50.53,31.17,405.06,26.19
2026-02-10T19:01:05.530228,Chennai-AnnaNagar,16.9,49.52,317.21,26.75
2026-02-10T19:01:06.535279,Chennai-TNagar,71.94,192.85,374.75,34.99
2026-02-10T19:01:07.539235,Chennai-Adyar,22.04,87.88,440.26,30.3
2026-02-10T19:01:08.543832,Chennai-Adyar,13.71,87.33,363.84,28.6
2026-02-10T19:01:09.547884,Chennai-Velachery,126.4,207.61,406.7,28.47
2026-02-10T19:01:10.552719,Chennai-Adyar,15.83,80.12,360.79,33.33
2026-02-10T19:01:11.561820,Chennai-Adyar,36.56,70.4,347.06,32.75
2026-02-10T19:01:12.567323,Chennai-AnnaNagar,57.42,58.01,373.73,30.41
2026-02-10T19:01:13.571540,Chennai-Velachery,20.14,84.9,432.18,33.4
2026-02-10T19:01:14.574906,Chennai-AnnaNagar,29.09,42.89,378.68,32.13
2026-02-10T19:01:15.580707,Chennai-AnnaNagar,59.48,95.71,394.81,28.29
2026-02-10T19:01:16.585015,Chennai-Adyar,29.02,99.93,332.4,28.82
2026-02-10T19:01:17.592905,Chennai-Adyar,31.63,77.71,317.77,25.95
2026-02-10T19:01:18.598832,Chennai-Adyar,49.6,54.45,421.09,28.71
2026-02-10T19:01:19.604465,Chennai-Velachery,15.57,60.51,405.59,29.64
2026-02-10T19:01:20.607781,Chennai-TNagar,50.78,46.1,423.05,34.08
2026-02-10T19:01:21.611700,Chennai-AnnaNagar,52.86,62.76,330.92,26.05
2026-02-10T19:01:22.619367,Chennai-Velachery,39.29,54.86,326.69,33.22
2026-02-10T19:01:23.622046,Chennai-TNagar,36.4,46.52,342.22,31.65
2026-02-10T19:01:24.626250,Chennai-TNagar,53.16,80.95,368.52,29.97
2026-02-10T19:01:25.630098,Chennai-Velachery,21.1,63.79,367.32,31.67
2026-02-10T19:01:26.688211,Chennai-Velachery,57.94,87.5,438.89,34.05
2026-02-10T19:01:27.767204,Chennai-Velachery,56.17,53.16,303.74,31.83
2026-02-10T19:01:28.811464,Chennai-AnnaNagar,55.34,72.99,350.8,30.46
2026-02-10T19:01:29.898182,Chennai-TNagar,28.64,71.49,371.6,27.28
2026-02-10T19:01:30.955025,Chennai-TNagar,25.78,20.41,399.12,25.64
2026-02-10T19:01:31.979783,Chennai-TNagar,41.08,26.64,367.91,32.99
2026-02-10T19:01:33.000637,Chennai-TNagar,14.93,85.38,430.68,30.97
2026-02-10T19:01:34.017332,Chennai-TNagar,31.94,93.14,327.53,26.0
2026-02-10T19:01:35.022600,Chennai-TNagar,49.73,48.29,333.28,34.3
2026-02-10T19:01:36.033217,Chennai-AnnaNagar,43.44,51.27,436.88,32.06
2026-02-10T19:01:37.046414,Chennai-Velachery,41.11,86.4,418.06,34.53
2026-02-10T19:01:38.054105,Chennai-Adyar,13.9,91.61,332.23,27.04
2026-02-10T19:01:39.059099,Chennai-Velachery,176.22,175.89,345.37,27.94
2026-02-10T19:01:40.084387,Chennai-AnnaNagar,29.46,22.58,431.55,31.08
2026-02-10T19:01:41.100407,Chennai-TNagar,27.2,73.32,323.52,29.57
2026-02-10T19:01:42.115115,Chennai-TNagar,22.73,94.74,424.47,32.38
2026-02-10T19:01:43.135135,Chennai-AnnaNagar,47.44,40.77,330.28,33.93
2026-02-10T19:01:44.154548,Chennai-TNagar,111.93,119.54,390.7,34.42
2026-02-10T19:01:45.168891,Chennai-AnnaNagar,46.64,34.02,401.39,25.02
2026-02-10T19:01:46.191350,Chennai-Adyar,55.81,90.75,368.36,31.55
2026-02-10T19:01:47.208078,Chennai-AnnaNagar,51.56,27.48,373.67,26.09
2026-02-10T19:01:48.228500,Chennai-TNagar,30.93,84.75,428.58,25.63
2026-02-10T19:01:49.245127,Chennai-TNagar,153.89,152.57,389.18,31.59
2026-02-10T19:01:50.252996,Chennai-Adyar,25.6,40.99,417.11,34.74
2026-02-10T19:01:51.270048,Chennai-Velachery,57.68,80.89,374.29,34.92
2026-02-10T19:01:52.289133,Chennai-Velachery,57.29,80.81,354.67,31.15
2026-02-10T19:01:53.303366,Chennai-Velachery,26.22,33.75,312.94,27.86
2026-02-10T19:01:54.309537,Chennai-Velachery,36.91,28.75,439.51,26.3
2026-02-10T19:01:55.315405,Chennai-TNagar,36.59,61.86,443.25,32.99
2026-02-10T19:01:56.321251,Chennai-TNagar,43.22,77.04,302.62,31.61
2026-02-10T19:01:57.329625,Chennai-Adyar,43.72,96.46,401.78,32.15
2026-02-10T19:01:58.335547,Chennai-Velachery,54.64,43.74,306.32,25.13
2026-02-10T19:01:59.351271,Chennai-TNagar,21.84,38.68,353.91,32.9
2026-02-10T19:02:00.364527,Chennai-Adyar,47.14,35.6,352.3,27.28
2026-02-10T19:02:01.399204,Chennai-Adyar,26.35,80.08,338.54,25.47
2026-02-10T19:02:02.426651,Chennai-AnnaNagar,51.81,69.59,404.64,29.77
2026-02-10T19:02:03.445532,Chennai-Adyar,10.35,57.55,363.67,32.23
2026-02-10T19:02:04.476803,Chennai-Adyar,55.76,25.83,300.7,29.27
2026-02-10T19:02:05.533640,Chennai-TNagar,26.53,24.52,437.86,27.4
2026-02-10T19:02:06.545878,Chennai-TNagar,58.86,23.55,368.8,29.66
2026-02-10T19:02:07.577448,Chennai-TNagar,26.24,41.11,385.49,28.77
2026-02-10T19:02:08.606970,Chennai-AnnaNagar,35.38,78.61,365.36,31.69
2026-02-10T19:02:09.660984,Chennai-Velachery,56.65,47.5,369.83,29.67
2026-02-10T19:02:10.687866,Chennai-Adyar,167.7,124.09,361.02,26.81
2026-02-10T19:02:11.721381,Chennai-Adyar,163.34,145.18,336.19,26.55
2026-02-10T19:02:12.756886,Chennai-TNagar,17.72,64.22,364.17,33.07
2026-02-10T19:02:13.887000,Chennai-TNagar,55.17,82.6,425.34,34.1
2026-02-10T19:02:14.913981,Chennai-Velachery,55.41,72.98,359.51,29.42
2026-02-10T19:02:15.955279,Chennai-TNagar,48.91,74.15,332.18,30.39
2026-02-10T19:02:16.966408,Chennai-Adyar,29.61,48.56,400.43,30.31
2026-02-10T19:02:17.989451,Chennai-Velachery,59.45,59.33,313.55,31.54
2026-02-10T19:02:19.006389,Chennai-TNagar,35.17,65.32,397.98,32.89
2026-02-10T19:02:20.037590,Chennai-Velachery,100.16,139.99,339.93,32.43
2026-02-10T19:02:21.056724,Chennai-Adyar,13.88,91.93,305.6,33.47
2026-02-10T19:02:22.097193,Chennai-AnnaNagar,29.67,88.43,438.21,28.23
2026-02-10T19:02:23.120070,Chennai-TNagar,44.48,36.78,382.79,31.36
2026-02-10T19:02:24.124698,Chennai-TNagar,34.72,27.45,353.59,31.5
2026-02-10T19:02:25.133519,Chennai-Adyar,24.73,82.77,382.44,33.4
2026-02-10T19:02:26.139043,Chennai-Velachery,31.76,23.93,305.04,27.78
2026-02-10T19:02:27.142893,Chennai-Adyar,48.21,66.54,423.43,25.55
2026-02-10T19:02:28.150415,Chennai-AnnaNagar,12.46,76.81,389.16,26.41
2026-02-10T19:02:29.162689,Chennai-Velachery,110.93,178.15,324.63,30.19
2026-02-10T19:02:30.210576,Chennai-AnnaNagar,45.86,60.74,407.7,32.13
2026-02-10T19:02:31.222649,Chennai-Velachery,30.51,51.67,444.39,27.03
2026-02-10T19:02:32.233590,Chennai-Velachery,21.05,86.19,303.33,30.88
2026-02-10T19:02:33.238418,Chennai-Adyar,59.64,43.09,307.23,30.38
2026-02-10T19:02:34.255923,Chennai-TNagar,30.52,69.94,393.52,28.19
2026-02-10T19:02:35.269117,Chennai-TNagar,36.85,40.76,411.54,27.66
2026-02-10T19:02:36.277351,Chennai-TNagar,30.38,43.52,303.02,26.37
2026-02-10T19:02:37.284839,Chennai-Adyar,33.11,45.82,443.59,32.92
2026-02-10T19:08:50.452045,Chennai-Velachery,12.34,53.21,375.71,26.8
2026-02-10T19:08:51.479682,Chennai-Adyar,36.76,61.53,427.54,26.31
2026-02-10T19:08:52.493139,Chennai-Adyar,52.76,81.0,382.02,26.63
2026-02-10T19:08:53.505769,Chennai-AnnaNagar,34.57,40.28,359.89,28.95
2026-02-10T19:08:54.515856,Chennai-AnnaNagar,55.02,85.05,358.29,29.89
2026-02-10T19:08:55.571772,Chennai-Velachery,39.43,71.64,412.02,26.65
2026-02-10T19:08:56.582559,Chennai-Velachery,55.68,68.65,444.75,29.38
2026-02-10T19:08:57.601857,Chennai-Velachery,58.77,57.79,370.24,34.78
2026-02-10T19:08:58.615586,Chennai-AnnaNagar,22.65,75.94,432.04,31.32
2026-02-10T19:08:59.628708,Chennai-AnnaNagar,31.0,35.61,370.61,33.51
2026-02-10T19:09:00.647342,Chennai-Adyar,21.44,66.9,388.91,27.48
2026-02-10T19:09:01.658544,Chennai-Adyar,40.02,64.36,447.69,33.64
2026-02-10T19:09:02.674033,Chennai-AnnaNagar,23.34,64.51,395.78,31.81
2026-02-10T19:09:03.689389,Chennai-Adyar,162.71,193.21,312.37,26.4
2026-02-10T19:09:04.696516,Chennai-Adyar,56.71,39.32,351.75,34.0
2026-02-10T19:09:05.701003,Chennai-TNagar,17.8,71.43,350.25,33.59
2026-02-10T19:09:06.706610,Chennai-Velachery,14.97,38.67,305.78,27.85
2026-02-10T19:09:07.712790,Chennai-TNagar,58.72,68.95,335.96,32.5
2026-02-10T19:09:08.735812,Chennai-TNagar,18.69,48.31,411.05,32.7
2026-02-10T19:09:09.748580,Chennai-TNagar,41.56,49.9,323.14,25.27
2026-02-10T19:09:10.757159,Chennai-AnnaNagar,10.01,49.83,337.72,25.33
2026-02-10T19:09:11.761046,Chennai-Velachery,37.85,75.24,353.56,30.15
2026-02-10T19:09:12.775576,Chennai-Velachery,38.31,38.69,357.11,31.96
2026-02-10T19:09:13.779064,Chennai-AnnaNagar,34.73,79.46,354.66,30.1
2026-02-10T19:09:14.782010,Chennai-Adyar,41.52,50.63,385.23,31.83
2026-02-10T19:09:15.789618,Chennai-Velachery,40.68,60.44,443.3,30.63
2026-02-10T19:09:16.792122,Chennai-AnnaNagar,45.29,96.43,309.79,30.09
2026-02-10T19:09:17.796834,Chennai-Adyar,142.66,179.38,356.7,34.8
2026-02-10T19:09:18.803433,Chennai-AnnaNagar,38.0,70.87,360.45,26.08
2026-02-10T19:09:19.806962,Chennai-Velachery,55.44,39.22,350.09,29.2
2026-02-10T19:09:20.823684,Chennai-Velachery,171.99,164.59,401.49,27.25
2026-02-10T19:09:21.887033,Chennai-AnnaNagar,80.11,166.57,368.51,29.39
2026-02-10T19:09:23.029439,Chennai-Velachery,24.43,20.04,371.79,32.55
2026-02-10T19:09:24.162835,Chennai-AnnaNagar,24.07,85.54,342.42,29.09
2026-02-10T19:09:25.349499,Chennai-Velachery,17.06,66.26,449.39,30.08
2026-02-10T19:09:26.441566,Chennai-Adyar,38.96,20.31,408.89,32.27
2026-02-10T19:09:27.462523,Chennai-Adyar,18.68,42.08,378.94,34.38
2026-02-10T19:09:28.481490,Chennai-AnnaNagar,46.65,36.06,402.46,26.23
2026-02-10T19:09:29.504055,Chennai-AnnaNagar,30.69,73.13,341.78,34.71
2026-02-10T19:09:30.525605,Chennai-TNagar,10.58,39.07,443.15,29.25
2026-02-10T19:09:31.545037,Chennai-AnnaNagar,22.31,54.44,314.81,29.64
2026-02-10T19:09:32.559940,Chennai-Velachery,36.41,77.04,414.73,25.0
2026-02-10T19:09:33.572840,Chennai-AnnaNagar,57.42,31.06,422.85,33.55
2026-02-10T19:09:34.586935,Chennai-AnnaNagar,50.34,95.26,313.8,32.05
2026-02-10T19:09:35.609342,Chennai-Adyar,16.46,44.64,320.73,30.37
2026-02-10T19:09:36.643293,Chennai-TNagar,172.63,166.81,415.95,26.68
2026-02-10T19:09:37.658165,Chennai-Adyar,44.21,92.11,342.86,29.44
2026-02-10T19:09:38.674637,Chennai-AnnaNagar,49.79,99.49,422.59,34.3
2026-02-10T19:09:39.691144,Chennai-TNagar,26.56,64.36,396.36,33.86
2026-02-10T19:09:40.705284,Chennai-AnnaNagar,28.59,64.85,324.1,30.3
2026-02-10T19:09:41.735556,Chennai-TNagar,59.05,97.73,400.45,27.73
2026-02-10T19:09:42.747511,Chennai-TNagar,41.51,82.39,378.4,33.32
2026-02-10T19:09:43.762250,Chennai-TNagar,33.25,41.58,401.38,26.32
2026-02-10T19:09:44.775322,Chennai-Adyar,27.42,91.28,410.24,30.97
2026-02-10T19:09:45.865778,Chennai-Adyar,57.63,87.54,319.96,32.59
2026-02-10T19:09:46.880035,Chennai-Velachery,56.48,89.57,430.88,30.05
2026-02-10T19:09:47.890353,Chennai-TNagar,19.21,36.53,430.16,28.32
2026-02-10T19:09:48.912954,Chennai-Adyar,162.23,134.84,307.58,26.93
2026-02-10T19:09:49.929907,Chennai-AnnaNagar,33.13,35.22,429.06,29.61
2026-02-10T19:09:50.943506,Chennai-Adyar,13.56,75.9,342.24,25.55
2026-02-10T19:09:51.951221,Chennai-Adyar,24.03,56.95,417.47,28.33
2026-02-10T19:09:52.960132,Chennai-AnnaNagar,30.18,83.11,336.67,26.25
2026-02-10T19:09:53.977389,Chennai-Velachery,32.78,70.1,322.08,27.32
2026-02-10T19:09:54.987147,Chennai-Adyar,44.93,65.26,386.88,29.82
2026-02-10T19:09:56.017300,Chennai-Adyar,59.64,47.2,366.53,30.54
2026-02-10T19:09:57.032686,Chennai-Velachery,93.87,133.28,302.58,26.7
2026-02-10T19:09:58.048843,Chennai-AnnaNagar,39.04,29.25,426.23,26.28
2026-02-10T19:09:59.069957,Chennai-TNagar,54.14,46.92,389.34,27.94
2026-02-10T19:10:00.089900,Chennai-AnnaNagar,52.14,91.63,345.48,26.04
2026-02-10T19:10:01.120803,Chennai-TNagar,13.86,30.81,443.52,25.06
2026-02-10T19:10:02.137081,Chennai-TNagar,27.67,67.28,368.91,27.74
2026-02-10T19:10:03.152415,Chennai-TNagar,54.55,32.54,327.71,27.2
2026-02-10T19:10:04.171677,Chennai-AnnaNagar,16.45,97.01,425.07,27.25
2026-02-10T19:10:05.186607,Chennai-TNagar,36.9,84.24,438.88,34.87
2026-02-10T19:10:06.199845,Chennai-Adyar,25.28,69.4,384.09,28.86
2026-02-10T19:10:07.215865,Chennai-Velachery,19.73,59.82,305.82,30.45
2026-02-10T19:10:08.242306,Chennai-Adyar,33.84,24.02,405.14,30.09
2026-02-10T19:10:09.267830,Chennai-Adyar,46.5,88.57,400.7,30.39
2026-02-10T19:10:10.281816,Chennai-AnnaNagar,34.62,71.3,359.75,27.42
2026-02-10T19:10:11.298123,Chennai-TNagar,10.07,42.84,312.09,26.96
2026-02-10T19:10:12.309002,Chennai-TNagar,38.74,31.33,337.45,32.24
2026-02-10T19:10:13.585081,Chennai-TNagar,10.5,64.14,448.67,31.81
2026-02-10T19:10:14.616695,Chennai-Velachery,18.39,74.63,399.26,33.11
2026-02-10T19:10:15.637466,Chennai-AnnaNagar,34.21,93.46,336.18,32.2
2026-02-10T19:10:16.660489,Chennai-TNagar,50.94,81.04,372.96,31.48
2026-02-10T19:10:17.687253,Chennai-AnnaNagar,105.91,173.2,376.26,26.2
2026-02-10T19:10:18.703371,Chennai-AnnaNagar,42.06,55.56,307.35,26.03
2026-02-10T19:10:19.719322,Chennai-AnnaNagar,49.55,66.05,414.7,28.51
2026-02-10T19:10:20.735819,Chennai-Adyar,25.98,55.46,330.11,30.7
2026-02-10T19:10:21.754361,Chennai-TNagar,40.85,34.57,336.01,25.72
2026-02-10T19:10:22.768933,Chennai-Adyar,36.5,65.02,434.16,31.94
2026-02-10T19:10:23.780521,Chennai-Velachery,27.58,59.34,349.3,34.55
2026-02-10T19:10:24.793981,Chennai-TNagar,16.08,42.63,378.93,31.94
2026-02-10T19:10:25.804925,Chennai-Velachery,26.4,81.77,397.81,31.6
2026-02-10T19:10:26.808242,Chennai-Velachery,12.02,92.34,389.44,25.64
2026-02-10T19:10:27.811968,Chennai-Velachery,32.0,78.67,428.6,28.92
2026-02-10T19:10:28.815258,Chennai-Adyar,33.47,73.27,425.39,26.65
2026-02-10T19:10:29.818860,Chennai-Velachery,41.84,36.47,395.24,31.93
2026-02-10T19:10:30.821612,Chennai-TNagar,18.08,47.34,339.59,32.96
2026-02-10T19:10:31.824025,Chennai-Adyar,25.02,97.88,426.69,32.85
2026-02-10T19:10:32.848298,Chennai-Velachery,11.66,38.32,354.57,26.58
2026-02-10T19:10:33.862408,Chennai-TNagar,50.96,51.79,405.66,33.25
2026-02-10T19:10:34.878735,Chennai-TNagar,46.1,40.76,376.23,27.42
2026-02-10T19:10:35.888410,Chennai-Adyar,26.65,41.48,325.59,33.95
2026-02-10T19:10:36.892138,Chennai-Velachery,57.0,33.03,440.73,29.41
2026-02-10T19:10:37.894935,Chennai-Adyar,47.89,41.56,438.39,28.83
2026-02-10T19:10:38.898247,Chennai-Velachery,37.57,91.94,375.4,27.82
2026-02-10T19:10:39.902610,Chennai-Velachery,26.81,39.97,347.39,29.49
2026-02-10T19:10:40.905614,Chennai-Adyar,34.08,27.09,403.34,26.0
2026-02-10T19:10:41.927055,Chennai-Velachery,28.04,94.57,375.55,27.04
2026-02-10T19:10:42.930288,Chennai-Velachery,32.56,54.35,332.64,30.87
2026-02-10T19:10:43.934909,Chennai-Adyar,38.01,53.88,373.86,28.67
2026-02-10T19:10:44.946111,Chennai-AnnaNagar,25.41,64.43,340.22,29.63
2026-02-10T19:10:45.973271,Chennai-TNagar,29.17,29.64,349.16,30.72
2026-02-10T19:10:46.984399,Chennai-Adyar,56.69,63.33,429.78,28.74
2026-02-10T19:10:47.997678,Chennai-Velachery,39.04,96.93,335.5,29.04
2026-02-10T19:10:49.008495,Chennai-TNagar,48.41,82.84,340.84,26.59
2026-02-10T19:10:50.032630,Chennai-AnnaNagar,168.3,147.61,347.99,33.01
2026-02-10T19:10:51.046893,Chennai-TNagar,56.08,81.7,308.38,30.68
2026-02-10T19:10:52.064319,Chennai-Velachery,33.61,36.44,341.24,33.88
2026-02-10T19:10:53.076684,Chennai-Velachery,22.83,24.26,414.9,29.03
2026-02-10T19:10:54.087175,Chennai-TNagar,68.47,175.41,396.87,27.2
2026-02-10T19:10:55.091412,Chennai-TNagar,35.45,36.78,359.29,28.08
2026-02-10T19:10:56.115902,Chennai-TNagar,84.16,122.88,419.6,32.8
2026-02-10T19:10:57.127533,Chennai-Velachery,57.92,40.08,329.97,29.4
2026-02-10T19:10:58.132703,Chennai-Adyar,58.12,47.14,430.63,25.81
2026-02-10T19:10:59.136460,Chennai-Velachery,44.02,75.94,418.58,27.42
2026-02-10T19:11:00.139104,Chennai-AnnaNagar,33.17,52.31,428.96,27.88
2026-02-10T19:11:01.142260,Chennai-Velachery,25.03,42.1,387.38,25.55
2026-02-10T19:11:02.147935,Chennai-Velachery,34.89,54.7,373.67,33.45
2026-02-10T19:11:03.151146,Chennai-AnnaNagar,41.65,69.87,407.86,27.18
2026-02-10T19:11:04.154387,Chennai-AnnaNagar,32.15,97.63,439.73,31.67
2026-02-10T19:11:05.157316,Chennai-TNagar,48.16,79.61,372.2,32.15
2026-02-10T19:11:06.160329,Chennai-Adyar,25.77,72.49,412.52,25.64
2026-02-10T19:11:07.163817,Chennai-AnnaNagar,46.69,75.46,344.3,28.76
2026-02-10T19:11:08.166683,Chennai-TNagar,40.84,89.14,356.42,31.65
2026-02-10T19:11:09.169754,Chennai-TNagar,14.99,26.87,348.43,32.29
2026-02-10T19:11:10.173302,Chennai-TNagar,188.86,147.69,346.67,29.3
2026-02-10T19:11:11.176196,Chennai-Velachery,55.63,34.16,368.55,32.43
2026-02-10T19:11:12.179850,Chennai-AnnaNagar,27.9,43.96,443.37,32.34
2026-02-10T19:11:13.183624,Chennai-Adyar,59.45,72.53,354.01,30.97
2026-02-10T19:11:14.186802,Chennai-Adyar,56.32,53.74,445.7,32.81
2026-02-10T19:11:15.191454,Chennai-AnnaNagar,49.97,86.83,307.97,25.66
2026-02-10T19:11:16.194441,Chennai-Velachery,54.23,64.56,366.8,33.91
2026-02-10T19:11:17.196182,Chennai-TNagar,45.26,86.8,331.05,31.87
2026-02-10T19:11:18.203228,Chennai-Adyar,33.57,23.15,389.24,32.68
2026-02-10T19:11:19.207265,Chennai-TNagar,24.44,53.51,423.56,29.29
2026-02-10T19:11:20.212795,Chennai-TNagar,56.7,41.42,323.35,34.72
2026-02-10T19:11:21.217453,Chennai-AnnaNagar,35.5,26.8,420.22,33.05
2026-02-10T19:11:22.221452,Chennai-Velachery,27.3,46.44,420.19,34.53
2026-02-10T19:11:23.225597,Chennai-AnnaNagar,45.7,87.1,417.98,26.7
2026-02-10T19:11:24.270452,Chennai-AnnaNagar,10.43,52.4,365.05,29.34
2026-02-10T19:11:25.273439,Chennai-TNagar,31.61,68.92,446.27,29.6
2026-02-10T19:11:26.276780,Chennai-AnnaNagar,20.29,83.27,326.0,28.04
2026-02-10T19:11:27.279346,Chennai-Velachery,29.33,29.06,412.59,29.24
2026-02-10T19:11:28.282884,Chennai-AnnaNagar,71.09,219.08,317.52,29.82
2026-02-10T19:11:29.314665,Chennai-AnnaNagar,37.26,65.6,379.47,27.78
2026-02-10T19:11:30.430897,Chennai-AnnaNagar,43.74,24.98,433.66,30.24
2026-02-10T19:11:31.487051,Chennai-Adyar,54.62,71.55,396.14,29.92
2026-02-10T19:11:32.490762,Chennai-TNagar,29.81,20.74,326.63,31.62
2026-02-10T19:11:33.493914,Chennai-TNagar,34.21,35.04,394.11,31.89
2026-02-10T19:11:34.498164,Chennai-Adyar,36.28,93.44,440.72,34.84
2026-02-10T19:11:35.501650,Chennai-Velachery,32.78,31.6,340.05,34.6
2026-02-10T19:11:36.505481,Chennai-Adyar,42.14,33.93,325.28,28.93
2026-02-10T19:11:37.509739,Chennai-Velachery,52.47,66.28,325.47,26.52
2026-02-10T19:11:38.513233,Chennai-AnnaNagar,11.79,73.22,343.48,28.87
2026-02-10T19:12:01.581067,Chennai-TNagar,165.91,167.22,326.15,29.08
2026-02-10T19:12:02.604101,Chennai-Adyar,25.61,32.14,444.46,34.45
2026-02-10T19:12:03.651759,Chennai-TNagar,24.7,51.39,378.67,29.03
2026-02-10T19:12:04.667600,Chennai-Adyar,133.76,160.23,349.95,27.13
2026-02-10T19:12:05.671692,Chennai-AnnaNagar,39.51,68.3,309.63,29.83
2026-02-10T19:12:06.685052,Chennai-AnnaNagar,41.83,76.9,447.51,30.98
2026-02-10T19:12:07.692836,Chennai-Adyar,26.79,76.08,357.27,30.37
2026-02-10T19:12:08.704113,Chennai-TNagar,49.28,91.24,362.95,25.88
2026-02-10T19:12:09.715571,Chennai-Adyar,12.05,20.11,304.3,32.43
2026-02-10T19:12:10.726203,Chennai-Velachery,27.57,29.15,345.12,33.36
2026-02-10T19:12:11.783027,Chennai-AnnaNagar,59.8,98.9,388.22,29.16
2026-02-10T19:12:12.796799,Chennai-Adyar,119.01,210.29,326.48,29.59
2026-02-10T19:12:13.811646,Chennai-AnnaNagar,31.75,91.25,409.2,32.8
2026-02-10T19:12:14.819135,Chennai-Velachery,29.68,63.16,368.16,28.2
2026-02-10T19:12:15.862883,Chennai-Adyar,31.45,32.38,320.35,34.03
2026-02-10T19:12:16.871472,Chennai-Adyar,14.1,39.51,340.93,34.04
2026-02-10T19:12:17.882860,Chennai-AnnaNagar,43.67,54.09,320.2,34.04
2026-02-10T19:12:18.902952,Chennai-TNagar,43.45,22.54,441.17,33.44
2026-02-10T19:12:19.926001,Chennai-Adyar,58.01,83.54,408.64,26.58
2026-02-10T19:12:20.944320,Chennai-AnnaNagar,45.5,49.95,370.96,28.87
2026-02-10T19:12:21.956808,Chennai-TNagar,19.37,82.66,431.06,28.25
2026-02-10T19:12:22.976616,Chennai-Adyar,77.36,145.51,429.08,25.41
2026-02-10T19:12:23.993931,Chennai-TNagar,33.17,98.43,441.37,27.29
2026-02-10T19:12:25.011888,Chennai-AnnaNagar,52.89,22.7,441.39,27.52
2026-02-10T19:12:26.036460,Chennai-Velachery,28.32,70.91,386.44,33.56
2026-02-10T19:12:27.086994,Chennai-Velachery,28.34,24.87,300.02,34.76
2026-02-10T19:12:28.098509,Chennai-Velachery,28.69,94.53,328.11,29.45
2026-02-10T19:12:29.108257,Chennai-Adyar,17.15,21.92,319.13,31.7
2026-02-10T19:12:30.124207,Chennai-AnnaNagar,38.16,21.97,401.35,32.12
2026-02-10T19:12:31.144192,Chennai-AnnaNagar,47.52,64.17,431.41,34.18
2026-02-10T19:12:32.184003,Chennai-AnnaNagar,38.92,87.04,442.62,26.89
2026-02-10T19:12:33.210788,Chennai-AnnaNagar,58.67,51.63,362.26,33.11
2026-02-10T19:12:34.223977,Chennai-TNagar,27.77,46.23,429.71,26.34
2026-02-10T19:12:35.243157,Chennai-Adyar,109.1,162.22,315.46,30.64
2026-02-10T19:12:36.254913,Chennai-TNagar,55.45,44.63,391.93,30.09
2026-02-10T19:12:37.269222,Chennai-Adyar,132.41,147.79,381.36,30.31
2026-02-10T19:12:38.292105,Chennai-Adyar,111.9,232.05,391.91,31.67
2026-02-10T19:12:39.317921,Chennai-TNagar,35.3,40.66,321.25,30.14
2026-02-10T19:12:40.356888,Chennai-AnnaNagar,42.38,62.98,420.18,33.13
2026-02-10T19:12:41.389703,Chennai-Adyar,13.85,35.87,370.87,31.55
2026-02-10T19:12:42.493921,Chennai-Adyar,55.45,97.82,345.41,33.4
2026-02-10T19:12:43.508750,Chennai-TNagar,33.11,69.27,371.65,34.98
2026-02-10T19:12:44.524269,Chennai-TNagar,21.18,35.89,325.69,31.51
2026-02-10T19:12:45.537770,Chennai-TNagar,31.19,33.79,303.91,30.12
2026-02-10T19:12:46.554983,Chennai-Velachery,19.22,49.32,385.86,30.88
2026-02-10T19:12:47.569565,Chennai-TNagar,14.0,28.37,331.4,34.27
2026-02-10T19:12:48.599152,Chennai-Velachery,13.68,33.35,399.78,27.18
2026-02-10T19:12:49.626003,Chennai-Adyar,28.4,97.05,370.07,27.42
2026-02-10T19:12:50.652329,Chennai-TNagar,26.96,33.28,350.02,34.0
2026-02-10T19:12:51.682959,Chennai-TNagar,17.07,65.68,338.53,31.22
2026-02-10T19:12:52.695557,Chennai-Velachery,31.16,81.16,388.0,28.8
2026-02-10T19:12:53.730468,Chennai-TNagar,42.68,21.29,366.2,25.46
2026-02-10T19:12:54.765292,Chennai-Velachery,31.0,22.63,343.41,27.72
2026-02-10T19:12:55.802328,Chennai-Adyar,27.53,35.13,405.7,31.25
2026-02-10T19:12:56.830089,Chennai-Velachery,42.76,86.11,325.99,34.13
2026-02-10T19:12:57.848111,Chennai-Adyar,154.23,113.1,411.96,34.3
2026-02-10T19:12:58.862747,Chennai-Velachery,30.11,78.11,436.67,31.83
2026-02-10T19:12:59.880632,Chennai-AnnaNagar,35.66,85.53,394.36,33.48
2026-02-10T19:13:00.904984,Chennai-TNagar,56.79,44.82,387.9,32.08
2026-02-10T19:13:01.921803,Chennai-Adyar,38.38,85.85,344.05,25.29
2026-02-10T19:13:02.953283,Chennai-AnnaNagar,159.75,137.42,372.01,26.39
2026-02-10T19:13:03.967040,Chennai-Adyar,54.51,60.79,433.07,34.18
2026-02-10T19:13:04.976686,Chennai-AnnaNagar,29.01,83.99,380.56,33.64
2026-02-10T19:13:05.987609,Chennai-AnnaNagar,39.37,80.15,324.75,29.09
2026-02-10T19:13:07.002297,Chennai-TNagar,25.35,83.52,429.38,30.58
2026-02-10T19:13:08.020408,Chennai-TNagar,57.94,73.85,436.43,25.12
2026-02-10T19:13:09.042431,Chennai-TNagar,57.31,86.87,350.21,30.27
2026-02-10T19:13:10.056864,Chennai-AnnaNagar,35.24,26.15,335.56,27.28
2026-02-10T19:13:11.066786,Chennai-Velachery,59.45,23.37,403.89,31.27
2026-02-10T19:13:12.086042,Chennai-AnnaNagar,31.17,30.68,401.91,29.35
2026-02-10T19:13:13.122788,Chennai-Adyar,37.01,84.96,322.52,28.94
2026-02-10T19:13:14.142660,Chennai-AnnaNagar,50.31,65.9,449.27,25.95
2026-02-10T19:13:15.186855,Chennai-Velachery,172.46,150.98,358.21,25.39
2026-02-10T19:13:16.212552,Chennai-Adyar,59.77,70.75,344.07,30.64
2026-02-10T19:13:17.240895,Chennai-Adyar,52.48,54.91,303.9,28.2
2026-02-10T19:13:18.250501,Chennai-TNagar,35.53,40.55,437.0,30.89
2026-02-10T19:13:19.274249,Chennai-Adyar,55.81,21.09,325.94,26.43
2026-02-10T19:13:20.289385,Chennai-Adyar,22.75,52.03,445.5,34.38
2026-02-10T19:13:21.303677,Chennai-Velachery,52.93,42.86,413.96,34.09
2026-02-10T19:13:22.320133,Chennai-Velachery,51.47,25.92,425.7,29.07
2026-02-10T19:13:23.334013,Chennai-Velachery,36.35,63.77,444.21,28.17
2026-02-10T19:13:24.351786,Chennai-AnnaNagar,56.03,20.35,429.58,33.32
2026-02-10T19:13:25.366378,Chennai-AnnaNagar,43.29,67.87,408.87,29.83
2026-02-10T19:13:26.384027,Chennai-AnnaNagar,37.4,65.7,351.38,31.41
2026-02-10T19:13:27.419115,Chennai-Adyar,34.65,21.51,402.82,31.42
2026-02-10T19:13:28.441312,Chennai-AnnaNagar,49.58,43.08,442.0,27.28
2026-02-10T19:13:29.468037,Chennai-TNagar,17.9,63.29,368.97,26.68
2026-02-10T19:13:30.489410,Chennai-AnnaNagar,94.09,109.58,311.52,28.43
2026-02-10T19:13:31.521728,Chennai-Velachery,19.76,56.64,403.16,33.6
2026-02-10T19:13:32.537321,Chennai-Velachery,30.55,43.71,355.23,33.73
2026-02-10T19:13:33.550976,Chennai-TNagar,59.01,24.26,394.35,28.73
2026-02-10T19:13:34.553842,Chennai-TNagar,58.3,38.32,384.72,29.94
2026-02-10T19:13:35.567291,Chennai-TNagar,18.97,91.34,355.82,29.54
2026-02-10T19:13:36.680059,Chennai-AnnaNagar,56.47,46.61,406.25,34.58
2026-02-10T19:13:37.702182,Chennai-Adyar,28.79,50.86,442.59,31.55
2026-02-10T19:13:38.719081,Chennai-Velachery,43.64,47.11,449.81,34.19
2026-02-10T19:13:39.765543,Chennai-Velachery,52.54,40.73,364.59,31.21
2026-02-10T19:13:40.797714,Chennai-Velachery,44.01,39.94,330.0,30.57
2026-02-10T19:13:41.827044,Chennai-Velachery,41.8,22.95,414.67,28.64
2026-02-10T19:13:42.868065,Chennai-AnnaNagar,13.07,71.73,330.76,34.03
2026-02-10T19:13:43.881730,Chennai-Adyar,49.86,98.57,434.42,26.33
2026-02-10T19:13:44.902282,Chennai-AnnaNagar,14.54,26.79,383.25,33.76
